symbol,timestamp,open,high,low,close,volume,trade_count,vwap,daily_return,rolling_mean,rolling_std,date,avg_sentiment
AAPL,2022-01-03 05:00:00+00:00,177.83,182.88,177.71,182.01,112486091.0,772699.0,181.395005,,,,2022-01-03,0.11465548340548341
AAPL,2022-01-04 05:00:00+00:00,182.64,182.94,179.12,179.7,106090378.0,831898.0,180.596889,-1.2691610351079574,,,2022-01-04,0.024375901875901874
AAPL,2022-01-05 05:00:00+00:00,179.61,180.17,174.64,174.92,95142198.0,848518.0,177.382297,-2.659988870339458,,,2022-01-05,0.08994588744588744
AAPL,2022-01-06 05:00:00+00:00,172.7,175.3,171.64,172.0,103899632.0,960344.0,173.031383,-1.669334552938484,,,2022-01-06,0.00035714285714285937
AAPL,2022-01-07 05:00:00+00:00,172.89,174.14,171.03,172.17,94554334.0,715419.0,172.441994,0.09883720930232709,176.16,4.514349344036196,2022-01-07,0.079487012987013
AAPL,2022-01-10 05:00:00+00:00,169.08,172.5,168.17,172.19,117005143.0,956342.0,170.377075,0.011616425625837756,174.196,3.3079192855932935,2022-01-10,0.14554676226551225
AAPL,2022-01-11 05:00:00+00:00,172.32,175.18,170.82,175.08,82100070.0,649657.0,173.729019,1.6783785353388758,173.272,1.5801803694515657,2022-01-11,0.09770346320346321
AAPL,2022-01-12 05:00:00+00:00,176.12,177.18,174.82,175.53,79502421.0,642760.0,175.828866,0.25702535983549435,173.394,1.7532911908750675,2022-01-12,0.1666065416065416
AAPL,2022-01-13 05:00:00+00:00,175.79,176.62,171.79,172.19,92057866.0,692346.0,173.88312,-1.9028086367002817,173.432,1.7172128580930555,2022-01-13,0.027800324675324672
AAPL,2022-01-14 05:00:00+00:00,171.34,173.78,171.09,173.07,87780214.0,671723.0,172.42478,0.5110633602415815,173.612,1.594653567393281,2022-01-14,0.0736525974025974
AAPL,2022-01-18 05:00:00+00:00,171.51,172.54,169.405,169.8,102183802.0,780905.0,170.473157,-1.889408909689716,173.134,2.3204805536785074,2022-01-18,0.07527888777888778
AAPL,2022-01-19 05:00:00+00:00,170.0,171.08,165.94,166.23,101688620.0,824027.0,168.242068,-2.102473498233226,171.364,3.5267662241776327,2022-01-19,0.18614718614718614
AAPL,2022-01-20 05:00:00+00:00,166.98,169.68,164.18,164.51,96630645.0,795590.0,167.076081,-1.034710942669792,169.16,3.710997170572912,2022-01-20,0.10562169312169312
AAPL,2022-01-21 05:00:00+00:00,164.415,166.33,162.3,162.41,135494794.0,1076049.0,163.800338,-1.2765181447936258,167.204,4.252585096150362,2022-01-21,0.08158748658748659
AAPL,2022-01-24 05:00:00+00:00,160.02,162.3,154.7,161.62,175317276.0,1632715.0,158.812862,-0.4864232497998833,164.91400000000002,3.274466368738616,2022-01-24,0.11228999175427747
AAPL,2022-01-25 05:00:00+00:00,158.98,162.76,157.02,159.78,125389277.0,1008312.0,159.447431,-1.1384729612671673,162.91,2.5146272089517208,2022-01-25,0.17604497354497353
AAPL,2022-01-26 05:00:00+00:00,163.5,164.3894,157.82,159.69,116338085.0,1017760.0,161.322874,-0.05632745024408692,161.602,2.005310449780892,2022-01-26,0.1494345238095238
AAPL,2022-01-27 05:00:00+00:00,162.45,163.84,158.28,159.22,127009128.0,1161009.0,160.793194,-0.29432024547561,160.544,1.387958933110257,2022-01-27,0.12539182144020852
AAPL,2022-01-28 05:00:00+00:00,165.71,170.35,162.8,170.33,189144340.0,1515438.0,167.502693,6.977766612234659,162.128,4.675582316674626,2022-01-28,0.11973953823953824
AAPL,2022-01-31 05:00:00+00:00,170.16,175.0,169.51,174.78,129780591.0,933488.0,173.376573,2.6125755885633595,164.76,7.290785280064157,2022-01-31,0.07869017556517556
AAPL,2022-02-01 05:00:00+00:00,174.01,174.84,172.31,174.61,93258667.0,735253.0,173.700733,-0.0972651333104424,167.72600000000003,7.759808631660957,2022-02-01,0.2564443889443889
AAPL,2022-02-02 05:00:00+00:00,174.745,175.88,173.33,175.84,91306986.0,676311.0,174.974152,0.7044270087623872,170.956,6.891184948903886,2022-02-02,0.19126104797979795
AAPL,2022-02-03 05:00:00+00:00,174.48,176.2399,172.12,172.9,101382628.0,724841.0,174.210369,-1.671974522292996,173.692,2.1546855919133927,2022-02-03,-0.014034780578898225
AAPL,2022-02-04 05:00:00+00:00,171.68,174.1,170.68,172.39,88456689.0,702279.0,172.356275,-0.2949681897050471,174.10399999999998,1.4242647225846614,2022-02-04,0.09576358826358827
AAPL,2022-02-07 05:00:00+00:00,172.86,173.9458,170.95,171.66,83181695.0,571413.0,172.42476,-0.42345843726433463,173.48000000000002,1.7090494434038954,2022-02-07,-0.03486772486772487
AAPL,2022-02-08 05:00:00+00:00,171.73,175.35,171.43,174.83,80979959.0,634270.0,173.920662,1.846673657229414,173.52399999999997,1.7478071976048049,2022-02-08,0.14680104617604617
AAPL,2022-02-09 05:00:00+00:00,176.05,176.65,174.9,176.28,78287149.0,574000.0,175.843618,0.8293771091917757,173.61200000000002,1.898175439731313,2022-02-09,0.09297299922299922
AAPL,2022-02-10 05:00:00+00:00,174.14,175.48,171.55,172.12,99694816.0,761966.0,173.456248,-2.359882005899705,173.45600000000002,2.000607407763742,2022-02-10,0.12625
AAPL,2022-02-11 05:00:00+00:00,172.33,173.08,168.04,168.64,106268657.0,813527.0,170.167372,-2.021845224262153,172.70600000000002,2.9687842629600367,2022-02-11,0.016091269841269837
AAPL,2022-02-14 05:00:00+00:00,167.37,169.58,166.56,168.88,98885501.0,757494.0,168.465589,0.14231499051233776,172.15,3.4370481521211103,2022-02-14,0.09774891774891774
AAPL,2022-02-15 05:00:00+00:00,170.97,172.95,170.25,172.79,71066887.0,562857.0,171.738737,2.3152534343912734,171.74200000000002,3.1483360684652286,2022-02-15,0.10858300264550265
AAPL,2022-02-16 05:00:00+00:00,171.85,173.34,170.05,172.55,66147855.0,543039.0,171.690439,-0.13889692690548516,170.996,2.056995381618302,2022-02-16,0.06237373737373738
AAPL,2022-02-17 05:00:00+00:00,171.03,171.91,168.47,168.88,78321659.0,584120.0,169.998169,-2.126919733410615,170.348,2.12364545063412,2022-02-17,0.03355699855699855
AAPL,2022-02-18 05:00:00+00:00,169.82,170.5413,166.19,167.3,92631965.0,685816.0,167.861744,-0.9355755566082369,170.07999999999998,2.452213285992667,2022-02-18,0.05672619047619047
AAPL,2022-02-22 05:00:00+00:00,164.98,166.69,162.15,164.32,98811382.0,897221.0,164.504099,-1.781231320980281,169.16799999999998,3.5927802604666734,2022-02-22,0.08113230090015804
AAPL,2022-02-23 05:00:00+00:00,165.54,166.15,159.75,160.24,98884474.0,820316.0,162.031387,-2.4829600778967786,166.658,4.656234530175541,2022-02-23,0.04611763897478183
AAPL,2022-02-24 05:00:00+00:00,152.58,162.85,152.0,162.51,155570846.0,1383832.0,158.351326,1.4166250624063847,164.65,3.5018566504069026,2022-02-24,0.053125
AAPL,2022-02-25 05:00:00+00:00,163.84,165.12,160.8738,164.85,97758401.0,810830.0,163.834653,1.4399113900683158,163.844,2.6434314819943925,2022-02-25,0.04047619047619047
AAPL,2022-02-28 05:00:00+00:00,163.06,165.42,162.43,165.12,108908921.0,791490.0,164.358295,0.16378525932667642,163.408,2.0423442413068,2022-02-28,0.15600328683662018
AAPL,2022-03-01 05:00:00+00:00,164.695,166.6,161.97,163.2,90604732.0,749658.0,164.104707,-1.1627906976744318,163.18400000000003,1.9777082696897037,2022-03-01,-0.05107548701298702
AAPL,2022-03-02 05:00:00+00:00,164.39,167.36,162.95,166.56,88692844.0,668264.0,165.912587,2.0588235294117796,164.448,1.611449657916484,2022-03-02,0.045892255892255894
AAPL,2022-03-03 05:00:00+00:00,168.47,168.91,165.55,166.23,82418843.0,651766.0,166.903132,-0.19812680115274262,165.192,1.3265632287980755,2022-03-03,0.06625365375365376
AAPL,2022-03-04 05:00:00+00:00,164.49,165.55,162.1,163.17,91169381.0,742704.0,163.361005,-1.840822956145105,164.856,1.6160228958771474,2022-03-04,0.03392857142857143
AAPL,2022-03-07 05:00:00+00:00,163.36,165.02,159.04,159.3,107385155.0,847060.0,161.243957,-2.371759514616645,163.692,2.935603856108494,2022-03-07,0.0533844942935852
AAPL,2022-03-08 05:00:00+00:00,158.82,162.88,155.8,157.44,140524583.0,1139156.0,158.714863,-1.167608286252364,162.54,4.082921747964192,2022-03-08,0.07109676499211383
AAPL,2022-03-09 05:00:00+00:00,161.475,163.41,159.41,162.95,100505467.0,733689.0,162.056181,3.499745934959342,161.818,3.4670693676358564,2022-03-09,0.08258928571428571
AAPL,2022-03-10 05:00:00+00:00,160.2,160.39,155.98,158.52,114471979.0,882864.0,158.023691,-2.7186253451979003,160.276,2.627000190330949,2022-03-10,0.14248569882498455
AAPL,2022-03-11 05:00:00+00:00,158.93,159.28,154.5,154.73,105127762.0,877964.0,156.005897,-2.3908655059298622,158.58800000000002,2.989175471597281,2022-03-11,0.17879802489177488
AAPL,2022-03-14 04:00:00+00:00,151.45,154.12,150.1,150.62,118311989.0,969361.0,151.599708,-2.6562399017643568,156.852,4.573135685719243,2022-03-14,0.10956299306639443
AAPL,2022-03-15 04:00:00+00:00,150.9,155.57,150.38,155.09,104410428.0,719960.0,153.651002,2.96773336874252,156.382,4.618134904915491,2022-03-15,0.10190145502645503
AAPL,2022-03-16 04:00:00+00:00,157.05,160.0,154.46,159.59,112719986.0,833070.0,157.815188,2.901541040686051,155.70999999999998,3.5427178832075903,2022-03-16,0.058272727272727275
AAPL,2022-03-17 04:00:00+00:00,158.61,161.0,157.63,160.62,85152570.0,629006.0,159.556232,0.6454038473588497,156.13,4.047635112012801,2022-03-17,0.14232383357383357
AAPL,2022-03-18 04:00:00+00:00,160.51,164.48,159.76,163.98,159428842.0,712906.0,162.649277,2.0918939110945,157.98,5.198158327715585,2022-03-18,0.15688616938616937
AAPL,2022-03-21 04:00:00+00:00,163.51,166.35,163.015,165.38,105787821.0,721127.0,164.768948,0.8537626539822041,160.932,4.0342991956471135,2022-03-21,0.061261777438248025
AAPL,2022-03-22 04:00:00+00:00,165.51,169.42,164.91,168.82,89161727.0,638945.0,168.283146,2.0800580481315833,163.67799999999997,3.7246234709026647,2022-03-22,0.12582318722943722
AAPL,2022-03-23 04:00:00+00:00,167.99,172.64,167.65,170.21,106073373.0,784483.0,170.75147,0.8233621608814135,165.802,3.8369805837401727,2022-03-23,0.18349567099567102
AAPL,2022-03-24 04:00:00+00:00,171.06,174.14,170.21,174.07,97014668.0,688104.0,172.383085,2.267786851536324,168.49200000000002,4.0067405705884065,2022-03-24,0.07890625
AAPL,2022-03-25 04:00:00+00:00,173.88,175.28,172.75,174.72,85692924.0,662446.0,174.06026,0.37341299477222645,170.64000000000001,3.8592810211228548,2022-03-25,0.10911058638331364
AAPL,2022-03-28 04:00:00+00:00,172.17,175.73,172.0,175.6,97532618.0,716110.0,174.453714,0.5036630036630019,172.684,2.984146444127532,2022-03-28,0.13765331890331892
AAPL,2022-03-29 04:00:00+00:00,176.69,179.01,176.34,178.96,109295753.0,775948.0,177.910355,1.913439635535319,174.712,3.1430192490659308,2022-03-29,0.14844866071428572
AAPL,2022-03-30 04:00:00+00:00,178.55,179.61,176.7,177.77,100735340.0,695867.0,178.11428,-0.6649530621367861,176.224,2.0716491015610994,2022-03-30,0.1069440523244871
AAPL,2022-03-31 04:00:00+00:00,177.84,178.03,174.4,174.61,120024146.0,716274.0,175.739028,-1.7775777690273942,176.332,1.9412547488670533,2022-03-31,0.11134299342632675
AAPL,2022-04-01 04:00:00+00:00,174.03,174.88,171.94,174.31,85355694.0,660449.0,173.430856,-0.1718114655518077,176.25000000000003,2.032867432962335,2022-04-01,0.11492063492063492
AAPL,2022-04-04 04:00:00+00:00,174.57,178.49,174.44,178.44,82875862.0,630376.0,177.539611,2.3693419769376334,176.818,2.196057831660833,2022-04-04,0.09895006613756613
AAPL,2022-04-05 04:00:00+00:00,177.5,178.3,174.415,175.06,79568643.0,621543.0,175.935269,-1.8941941268773799,176.038,1.9203567376919397,2022-04-05,0.013916530799647685
AAPL,2022-04-06 04:00:00+00:00,172.36,173.63,170.13,171.83,90320928.0,769486.0,171.7809,-1.845081686278982,174.85,2.366526991183221,2022-04-06,0.11785714285714287
AAPL,2022-04-07 04:00:00+00:00,171.16,173.36,169.85,172.14,78193123.0,628353.0,171.774281,0.18041087120990174,174.356,2.6677762274971064,2022-04-07,0.09780438311688311
AAPL,2022-04-08 04:00:00+00:00,171.78,171.78,169.2,170.09,82763655.0,613778.0,170.479905,-1.1908911351225626,173.512,3.282646797935869,2022-04-08,0.16625962000962002
AAPL,2022-04-11 04:00:00+00:00,168.71,169.03,165.5,165.75,73137070.0,677211.0,166.706697,-2.551590334528786,170.974,3.4226933838716103,2022-04-11,0.10847101972101972
AAPL,2022-04-12 04:00:00+00:00,168.02,169.87,166.64,167.66,83662778.0,678463.0,168.098686,1.1523378582201982,169.494,2.7474770244714435,2022-04-12,0.11330031080031079
AAPL,2022-04-13 04:00:00+00:00,167.39,171.04,166.77,170.4,76146104.0,558074.0,169.73597,1.6342598115233198,169.20800000000003,2.5074628611404086,2022-04-13,0.06663119288119287
AAPL,2022-04-14 04:00:00+00:00,170.62,171.27,165.04,165.29,84603285.0,596851.0,167.188756,-2.9988262910798147,167.83800000000002,2.3727136363241277,2022-04-14,0.0421329365079365
AAPL,2022-04-18 04:00:00+00:00,163.92,166.5984,163.57,165.07,74493604.0,576793.0,164.919124,-0.13309940105269424,166.834,2.2399397313317215,2022-04-18,0.08386694324194323
AAPL,2022-04-19 04:00:00+00:00,165.02,167.82,163.91,167.4,75240221.0,548308.0,166.621859,1.4115223844429758,167.16400000000002,2.1604467130661775,2022-04-19,0.08016039516039515
AAPL,2022-04-20 04:00:00+00:00,168.76,168.88,166.1,167.23,73954306.0,595065.0,167.334157,-0.10155316606930143,167.07800000000003,2.1442644426465787,2022-04-20,0.1140882509303562
AAPL,2022-04-21 04:00:00+00:00,168.91,171.53,165.91,166.42,93153701.0,752019.0,168.70561,-0.4843628535549871,166.28199999999998,1.0747883512573,2022-04-21,0.08404761904761905
AAPL,2022-04-22 04:00:00+00:00,166.46,167.8699,161.5,161.79,93535037.0,726743.0,164.004905,-2.7821175339502457,165.582,2.311097142051442,2022-04-22,0.12741995851370852
AAPL,2022-04-25 04:00:00+00:00,161.12,163.17,158.46,162.88,103208936.0,925127.0,160.828588,0.6737128376290258,165.14399999999998,2.6193567912749676,2022-04-25,0.08947916666666667
AAPL,2022-04-26 04:00:00+00:00,162.25,162.34,156.72,156.8,103931474.0,899968.0,158.487464,-3.7328094302553905,163.02399999999997,4.168480538517356,2022-04-26,0.14607503607503608
AAPL,2022-04-27 04:00:00+00:00,155.91,159.79,155.38,156.57,93914037.0,777862.0,157.404649,-0.14668367346939437,160.892,4.205397721975617,2022-04-27,0.20016317016317015
AAPL,2022-04-28 04:00:00+00:00,159.25,164.515,158.93,163.64,137705209.0,1126024.0,162.138666,4.515552149198432,160.33599999999998,3.3981068258660763,2022-04-28,0.10495976430976431
AAPL,2022-04-29 04:00:00+00:00,161.84,166.2,157.25,157.65,145654913.0,1028956.0,160.490163,-3.6604742116841726,159.50799999999998,3.459085139165777,2022-04-29,0.040522222222222216
AAPL,2022-05-02 04:00:00+00:00,156.71,158.23,153.27,157.96,131337354.0,1154674.0,156.131749,0.19663812242309842,158.524,2.9174355177102727,2022-05-02,0.08410364145658263
AAPL,2022-05-03 04:00:00+00:00,158.15,160.71,156.32,159.48,93684416.0,706628.0,158.822797,0.9622689288427244,159.06,2.763647951530276,2022-05-03,0.14398412698412696
AAPL,2022-05-04 04:00:00+00:00,159.67,166.48,159.26,166.02,114719225.0,873684.0,162.681658,4.100827689992492,160.95,3.705806255054049,2022-05-04,0.150990675990676
AAPL,2022-05-05 04:00:00+00:00,163.85,164.08,154.95,156.77,142675572.0,1164750.0,158.002951,-5.571617877364177,159.576,3.7325902534295916,2022-05-05,0.10872334455667788
AAPL,2022-05-06 04:00:00+00:00,156.01,159.44,154.18,157.28,123877861.0,1021039.0,157.329567,0.325317343879572,159.502,3.7836384605294375,2022-05-06,0.07523480983302412
AAPL,2022-05-09 04:00:00+00:00,154.925,155.83,151.49,152.06,132603947.0,1103708.0,153.028997,-3.3189216683621514,158.322,5.082009445091322,2022-05-09,0.13330235461187842
AAPL,2022-05-10 04:00:00+00:00,155.52,156.74,152.93,154.51,124055409.0,988259.0,154.920039,1.6112061028541236,157.328,5.281038723584339,2022-05-10,0.16090277777777778
AAPL,2022-05-11 04:00:00+00:00,153.5,155.45,145.81,146.5,151719835.0,1310801.0,149.241372,-5.184130476991777,153.424,4.388795962447628,2022-05-11,0.1343915343915344
AAPL,2022-05-12 04:00:00+00:00,142.77,146.2,138.8,142.56,192047663.0,1678459.0,142.048448,-2.689419795221837,150.58200000000002,5.989408985867968,2022-05-12,0.24302470567351517
AAPL,2022-05-13 04:00:00+00:00,144.59,148.105,143.11,147.11,114797304.0,917656.0,146.327161,3.1916386083052917,148.548,4.7433606230177645,2022-05-13,0.15671266233766235
AAPL,2022-05-16 04:00:00+00:00,145.55,147.5199,144.18,145.54,91824708.0,699722.0,145.767442,-1.0672286044456691,147.244,4.421812976596276,2022-05-16,0.21851911976911978
AAPL,2022-05-17 04:00:00+00:00,148.86,149.77,146.68,149.24,79304491.0,609265.0,148.4337,2.5422564243507084,146.19,2.4415364015297922,2022-05-17,0.14850388808722143
AAPL,2022-05-18 04:00:00+00:00,146.85,147.3601,139.9,140.82,121266806.0,982291.0,142.514652,-5.641919056553213,145.054,3.396053592038092,2022-05-18,0.15813247805435304
AAPL,2022-05-19 04:00:00+00:00,139.88,141.66,136.6,137.35,142802096.0,1219749.0,138.61701,-2.464138616673772,144.012,4.843435764000038,2022-05-19,0.10106776640867551
AAPL,2022-05-20 04:00:00+00:00,139.09,140.7,132.61,137.59,147016057.0,1130085.0,136.460687,0.174736075718962,142.108,5.180585874203246,2022-05-20,0.23425788497217068
AAPL,2022-05-23 04:00:00+00:00,137.79,143.26,137.65,143.11,125077087.0,851034.0,141.529314,4.011919470891789,141.622,4.883602154147504,2022-05-23,0.09452453102453102
AAPL,2022-05-24 04:00:00+00:00,140.805,141.97,137.33,140.36,109813351.0,812518.0,139.446543,-1.9215987701767911,139.846,2.4075983884347565,2022-05-24,0.13483518217893217
AAPL,2022-05-25 04:00:00+00:00,138.43,141.785,138.34,140.52,99358798.0,688318.0,140.115484,0.11399259048161525,139.786,2.380846488120061,2022-05-25,0.11589691558441559
AAPL,2022-05-26 04:00:00+00:00,137.39,144.34,137.14,143.78,99878236.0,670655.0,142.551195,2.3199544548818674,141.072,2.4709653983805544,2022-05-26,0.1815021494708995
AAPL,2022-05-27 04:00:00+00:00,145.39,149.68,145.26,149.64,100950098.0,682907.0,148.383244,4.075671164278738,143.482,3.763923484875141,2022-05-27,0.2188203463203463
AAPL,2022-05-31 04:00:00+00:00,149.07,150.66,146.84,148.84,121269886.0,706655.0,149.068781,-0.534616412723854,144.628,4.434852872418091,2022-05-31,0.1466540404040404
AAPL,2022-06-01 04:00:00+00:00,149.9,151.74,147.68,148.71,78943522.0,629253.0,149.35566,-0.0873421123353868,146.298,3.974106188817255,2022-06-01,0.15115440115440115
AAPL,2022-06-02 04:00:00+00:00,147.83,151.27,146.86,151.21,78517901.0,574554.0,149.674572,1.6811243359558858,148.436,2.786634170463783,2022-06-02,0.14726190476190476
AAPL,2022-06-03 04:00:00+00:00,146.9,147.97,144.46,145.38,94319460.0,758694.0,145.711137,-3.8555651081277786,148.756,2.1336658595001445,2022-06-03,0.1718328373015873
AAPL,2022-06-06 04:00:00+00:00,147.03,148.5689,144.9,146.14,74857319.0,605201.0,146.601097,0.5227679185582534,148.05599999999998,2.335707601562377,2022-06-06,0.08215312850729517
AAPL,2022-06-07 04:00:00+00:00,144.345,149.0,144.1,148.71,73477251.0,527362.0,147.680455,1.7585876556726499,148.03,2.325499946247314,2022-06-07,0.12177298345776608
AAPL,2022-06-08 04:00:00+00:00,148.58,149.8697,147.46,147.96,58484475.0,430177.0,148.580051,-0.5043373007867613,147.88,2.294656837088329,2022-06-08,0.19226473922902493
AAPL,2022-06-09 04:00:00+00:00,147.08,147.95,142.53,142.64,75612751.0,558180.0,145.136289,-3.595566369289016,146.166,2.384403489343971,2022-06-09,0.08804436304436304
AAPL,2022-06-10 04:00:00+00:00,140.28,140.76,137.06,137.13,101534275.0,822114.0,138.025088,-3.8628715647784584,144.51600000000002,4.7476446792062275,2022-06-10,0.1160237579880437
AAPL,2022-06-13 04:00:00+00:00,132.87,135.2,131.44,131.88,135261516.0,1019934.0,133.021275,-3.8284839203675314,141.66400000000002,7.185438747911943,2022-06-13,0.10771729196729196
AAPL,2022-06-14 04:00:00+00:00,133.13,133.89,131.48,132.76,92179405.0,674983.0,132.576122,0.667273278738234,138.474,6.805819568574627,2022-06-14,0.12684634038800705
AAPL,2022-06-15 04:00:00+00:00,134.29,137.34,132.16,135.43,101304819.0,733277.0,134.708482,2.011147936125357,135.968,4.2766306831421055,2022-06-15,0.20364069264069265
AAPL,2022-06-16 04:00:00+00:00,132.08,132.39,129.04,130.06,120184627.0,909224.0,130.415733,-3.965148046961531,133.452,2.8238218782337836,2022-06-16,0.22589077589077589
AAPL,2022-06-17 04:00:00+00:00,130.065,133.079,129.81,131.56,168771047.0,742332.0,131.339118,1.1533138551437894,132.33800000000002,1.9838649147538903,2022-06-17,0.16726190476190478
AAPL,2022-06-21 04:00:00+00:00,133.42,137.06,133.32,135.87,91630121.0,604549.0,135.899445,3.276071754332621,133.13600000000002,2.4911904784644046,2022-06-21,0.18953414010232192
AAPL,2022-06-22 04:00:00+00:00,134.79,137.76,133.91,135.35,80880070.0,530528.0,135.842923,-0.38271877529992837,133.654,2.6572034171270844,2022-06-22,0.09761746250382614
AAPL,2022-06-23 04:00:00+00:00,136.82,138.59,135.63,138.27,77932990.0,554900.0,137.322917,2.1573697820465476,134.22199999999998,3.346008069325598,2022-06-23,0.12178368506493506
AAPL,2022-06-24 04:00:00+00:00,139.9,141.91,139.77,141.66,110368722.0,539341.0,141.014247,2.4517248860924212,136.542,3.737401503717873,2022-06-24,0.1488778541719718
AAPL,2022-06-27 04:00:00+00:00,142.695,143.49,140.965,141.66,77728499.0,516177.0,142.030557,0.0,138.562,3.0349744644713597,2022-06-27,0.1967687074829932
AAPL,2022-06-28 04:00:00+00:00,142.13,143.422,137.325,137.44,76133876.0,546242.0,139.13926,-2.9789637159395754,138.87600000000003,2.7551460941288255,2022-06-28,0.1455943362193362
AAPL,2022-06-29 04:00:00+00:00,137.46,140.67,136.67,139.23,71179247.0,572555.0,139.280122,1.3023864959254894,139.652,1.9393993915626515,2022-06-29,0.1589492394179894
AAPL,2022-06-30 04:00:00+00:00,137.25,138.37,133.7737,136.72,114697715.0,710708.0,136.509262,-1.8027723910076787,139.342,2.304955531022989,2022-06-30,0.12897896374458875
AAPL,2022-07-01 04:00:00+00:00,136.04,139.04,135.66,138.93,77594243.0,557437.0,137.606168,1.616442363955528,138.796,1.9077028070413027,2022-07-01,0.10928060365560366
AAPL,2022-07-05 04:00:00+00:00,137.77,141.61,136.93,141.56,79904746.0,601962.0,139.849325,1.8930396602605537,138.776,1.8703288480888265,2022-07-05,0.19604322445231537
AAPL,2022-07-06 04:00:00+00:00,141.355,144.12,141.08,142.92,78938366.0,585626.0,142.59559,0.9607233681830918,139.872,2.4173477201250404,2022-07-06,0.25583333333333336
AAPL,2022-07-07 04:00:00+00:00,143.29,146.55,143.28,146.35,72731949.0,539963.0,145.73721,2.3999440246291748,141.296,3.7009363680012597,2022-07-07,0.23586309523809523
AAPL,2022-07-08 04:00:00+00:00,145.265,147.55,145.0,147.04,68264699.0,518941.0,146.677205,0.47147249743764164,143.35999999999999,3.3742036097419015,2022-07-08,0.11918326118326117
AAPL,2022-07-11 04:00:00+00:00,145.67,146.64,143.78,144.87,69704810.0,496269.0,145.134613,-1.4757889009793135,144.54799999999997,2.2988845121049115,2022-07-11,0.15740079365079365
AAPL,2022-07-12 04:00:00+00:00,145.76,148.45,145.05,145.86,84620032.0,579533.0,146.716196,0.6833712984054774,145.408,1.599584321002243,2022-07-12,0.14055489964580872
AAPL,2022-07-13 04:00:00+00:00,142.99,146.45,142.1201,145.49,77731553.0,559359.0,145.232912,-0.2536679007267284,145.922,0.8261779469317668,2022-07-13,0.1921041921041921
AAPL,2022-07-14 04:00:00+00:00,144.08,148.95,143.25,148.47,83018114.0,614953.0,146.704837,2.0482507388823956,146.346,1.4265798260162432,2022-07-14,0.14980442176870748
AAPL,2022-07-15 04:00:00+00:00,149.78,150.86,148.2,150.17,86944893.0,548571.0,149.589049,1.1450124604297063,146.972,2.254023069978814,2022-07-15,0.08956228956228957
AAPL,2022-07-18 04:00:00+00:00,150.74,151.57,146.7,147.07,87239346.0,620452.0,148.960362,-2.0643270959579074,147.412,1.9329821520119814,2022-07-18,0.12808333333333333
AAPL,2022-07-19 04:00:00+00:00,147.92,151.23,146.91,151.0,93332247.0,576472.0,149.900387,2.672196913034619,148.44,2.243145113450578,2022-07-19,0.15457760141093474
AAPL,2022-07-20 04:00:00+00:00,151.12,153.72,150.37,153.04,70872515.0,523493.0,152.663855,1.3509933774834337,149.95,2.3012931147504174,2022-07-20,0.04959876543209876
AAPL,2022-07-21 04:00:00+00:00,154.5,155.57,151.94,155.35,70606217.0,522806.0,154.438372,1.5094093047569368,151.326,3.1099244363807426,2022-07-21,0.15351473922902495
AAPL,2022-07-22 04:00:00+00:00,155.39,156.28,153.41,154.09,72318038.0,526060.0,154.572629,-0.811071773414862,152.10999999999999,3.237151525646942,2022-07-22,0.07031870906870907
AAPL,2022-07-25 04:00:00+00:00,154.01,155.04,152.28,152.95,57738116.0,487394.0,153.267556,-0.7398273736128336,153.286,1.605126163265271,2022-07-25,0.12442090737545283
AAPL,2022-07-26 04:00:00+00:00,152.265,153.085,150.8,151.6,60764637.0,472004.0,151.66439,-0.8826413860738791,153.406,1.4009389708330413,2022-07-26,0.04829545454545456
AAPL,2022-07-27 04:00:00+00:00,152.58,157.33,152.16,156.79,89223566.0,579183.0,155.479087,3.4234828496042313,154.156,2.022097920477389,2022-07-27,0.08935425685425685
AAPL,2022-07-28 04:00:00+00:00,156.98,157.64,154.41,157.35,86806681.0,738633.0,156.698958,0.35716563556349445,154.55599999999998,2.4663495291623003,2022-07-28,0.1068259479717813
AAPL,2022-07-29 04:00:00+00:00,161.24,163.63,159.5,162.51,114785404.0,771584.0,162.316353,3.2793136320305116,156.24,4.277884991441403,2022-07-29,0.10357782898105479
AAPL,2022-08-01 04:00:00+00:00,161.01,163.59,160.89,161.51,73670876.0,594293.0,162.101278,-0.6153467478924424,157.952,4.34440099438348,2022-08-01,0.13327228327228327
AAPL,2022-08-02 04:00:00+00:00,160.1,162.41,159.63,160.01,63962594.0,543551.0,160.670591,-0.9287350628444102,159.634,2.511828019590662,2022-08-02,-0.07012265512265513
AAPL,2022-08-03 04:00:00+00:00,160.84,166.59,160.75,166.13,90300252.0,682784.0,165.051058,3.8247609524404647,161.502,3.236498107523233,2022-08-03,0.11416625041625042
AAPL,2022-08-04 04:00:00+00:00,166.005,167.19,164.43,165.81,59549979.0,525014.0,165.604192,-0.1926202371636654,163.194,2.6881741015049867,2022-08-04,0.17033730158730162
AAPL,2022-08-05 04:00:00+00:00,163.21,165.85,163.0,165.35,61905528.0,489965.0,164.791973,-0.27742596948314713,163.762,2.805016933995648,2022-08-05,0.0552194018103109
AAPL,2022-08-08 04:00:00+00:00,166.37,167.81,164.2,164.87,63810659.0,540019.0,165.848161,-0.2902933172059252,164.434,2.5184677881606063,2022-08-08,0.038180735930735926
AAPL,2022-08-09 04:00:00+00:00,164.02,165.82,163.25,164.92,70056143.0,480556.0,164.847702,0.03032692424334016,165.416,0.550799419029206,2022-08-09,0.1014117364117364
AAPL,2022-08-10 04:00:00+00:00,167.68,169.34,166.9,169.24,77906820.0,559791.0,168.452001,2.6194518554450763,166.03799999999998,1.829773209991657,2022-08-10,0.1563203463203463
AAPL,2022-08-11 04:00:00+00:00,170.06,170.99,168.19,168.49,61943923.0,507917.0,169.351499,-0.44315764594659024,166.574,2.1163718954860924,2022-08-11,0.09668040293040293
AAPL,2022-08-12 04:00:00+00:00,169.82,172.17,169.4,172.1,75555239.0,555307.0,171.188405,2.1425603893405976,167.924,3.0757974575716016,2022-08-12,0.28154401154401154
AAPL,2022-08-15 04:00:00+00:00,171.52,173.39,171.345,173.19,58741635.0,501627.0,172.668301,0.6333527019174889,169.58800000000002,3.255820941023106,2022-08-15,0.17835119047619047
AAPL,2022-08-16 04:00:00+00:00,172.78,173.71,171.6618,173.03,60575237.0,515136.0,172.732297,-0.09238408684103527,171.21,2.196827257661633,2022-08-16,0.07180080020989112
AAPL,2022-08-17 04:00:00+00:00,172.77,176.15,172.57,174.55,84217231.0,686579.0,174.345089,0.8784603825926274,172.272,2.2879947552399544,2022-08-17,0.13777630328225568
AAPL,2022-08-18 04:00:00+00:00,173.75,174.9,173.12,174.15,66756106.0,545657.0,174.138349,-0.22916069894013402,173.404,0.9690098038750679,2022-08-18,0.18171245421245422
AAPL,2022-08-19 04:00:00+00:00,173.03,173.74,171.3101,171.52,79638699.0,570365.0,172.224698,-1.510192362905538,173.288,1.176613785405368,2022-08-19,0.142162167897462
AAPL,2022-08-22 04:00:00+00:00,169.69,169.86,167.135,167.57,76355924.0,620803.0,168.231697,-2.3029384328358327,172.164,2.824301683603506,2022-08-22,0.09787945102283338
AAPL,2022-08-23 04:00:00+00:00,167.08,168.71,166.65,167.23,58090092.0,494688.0,167.603582,-0.2029002804798008,171.004,3.491887741609868,2022-08-23,0.08097679172679172
AAPL,2022-08-24 04:00:00+00:00,167.32,168.11,166.245,167.53,58542963.0,476972.0,167.314592,0.17939364946482073,169.6,3.098854627117057,2022-08-24,0.14816302910052911
AAPL,2022-08-25 04:00:00+00:00,168.78,170.14,168.35,170.03,56573006.0,465400.0,169.416575,1.4922700411866607,168.77599999999998,1.903885500760101,2022-08-25,0.16646060606060606
AAPL,2022-08-26 04:00:00+00:00,170.57,171.05,163.56,163.62,90147274.0,717946.0,165.692266,-3.7699229547726865,167.196,2.2952080515726845,2022-08-26,0.09437095825984715
AAPL,2022-08-29 04:00:00+00:00,161.145,162.9,159.82,161.38,78255530.0,640595.0,161.519924,-1.369025791468037,165.958,3.431278187498607,2022-08-29,0.1352034832451499
AAPL,2022-08-30 04:00:00+00:00,162.13,162.56,157.72,158.91,82758508.0,644674.0,159.274595,-1.5305490147477951,164.294,4.508506404564965,2022-08-30,0.07375055830412973
AAPL,2022-08-31 04:00:00+00:00,160.305,160.58,157.14,157.22,104165447.0,606829.0,158.30072,-1.0634950600969084,162.23200000000003,4.9904178181794325,2022-08-31,0.1416111111111111
AAPL,2022-09-01 04:00:00+00:00,156.64,158.42,154.67,157.96,79346064.0,654669.0,156.592275,0.4706780307848879,159.818,2.64202952292401,2022-09-01,0.20147134611420325
AAPL,2022-09-02 04:00:00+00:00,159.75,160.362,154.965,155.81,83452944.0,644431.0,157.552561,-1.361104076981523,158.25600000000003,2.081521078442791,2022-09-02,0.10936748436748436
AAPL,2022-09-06 04:00:00+00:00,156.47,157.09,153.69,154.53,78705759.0,687438.0,154.989143,-0.8215133816828146,156.88600000000002,1.7371039116878544,2022-09-06,0.06063814840130629
AAPL,2022-09-07 04:00:00+00:00,154.825,156.67,153.61,155.96,94015457.0,696957.0,155.348091,0.9253866563126989,156.296,1.3314015171994786,2022-09-07,0.08880411862735094
AAPL,2022-09-08 04:00:00+00:00,154.64,156.36,152.68,154.46,91449721.0,697267.0,154.390061,-0.9617850730956667,155.744,1.4216293469118129,2022-09-08,0.12487193362193363
AAPL,2022-09-09 04:00:00+00:00,155.47,157.82,154.75,157.37,74228109.0,531339.0,156.706907,1.883982908196291,155.62600000000003,1.198720150827901,2022-09-09,0.1434228650137741
AAPL,2022-09-12 04:00:00+00:00,159.59,164.26,159.3,163.43,112676884.0,801514.0,162.50199,3.8507974836372805,157.15,3.7082138557533724,2022-09-12,0.1523233384262796
AAPL,2022-09-13 04:00:00+00:00,159.9,160.54,153.37,153.84,135428401.0,1018113.0,155.859627,-5.867955699687943,157.012,3.840568968265151,2022-09-13,0.12633387445887445
AAPL,2022-09-14 04:00:00+00:00,154.785,157.1,153.6106,155.31,95004894.0,716068.0,155.264624,0.955538221528851,156.882,3.8956860756484493,2022-09-14,0.11420958450720356
AAPL,2022-09-15 04:00:00+00:00,154.65,155.24,151.38,152.37,97514431.0,741145.0,152.97942,-1.8929882171141554,156.464,4.310566088114309,2022-09-15,0.09969707580001697
AAPL,2022-09-16 04:00:00+00:00,151.21,151.35,148.37,150.7,218997344.0,848159.0,150.400101,-1.0960162761698644,155.13000000000002,4.9454271807398715,2022-09-16,0.07283279220779221
AAPL,2022-09-19 04:00:00+00:00,149.31,154.56,149.1,154.48,87533890.0,671958.0,152.616126,2.508294625082952,153.34,1.826266683702062,2022-09-19,0.16202105642895115
AAPL,2022-09-20 04:00:00+00:00,153.4,158.08,153.08,156.9,113203270.0,792173.0,156.164792,1.5665458311755698,153.952,2.443966039043986,2022-09-20,0.056977513227513224
AAPL,2022-09-21 04:00:00+00:00,157.34,158.74,153.6,153.72,107498655.0,785026.0,156.237145,-2.0267686424474185,153.63400000000001,2.3235705283034194,2022-09-21,0.16349075167256985
AAPL,2022-09-22 04:00:00+00:00,152.38,154.47,150.91,152.74,92021722.0,686881.0,152.560537,-0.6375227686703067,153.708,2.2787101614729903,2022-09-22,0.13104978354978356
AAPL,2022-09-23 04:00:00+00:00,151.19,151.47,148.56,150.43,101813197.0,764986.0,150.041362,-1.512373968835934,153.654,2.369215059888023,2022-09-23,0.07247217068645641
AAPL,2022-09-26 04:00:00+00:00,149.66,153.7701,149.64,150.77,100616414.0,747669.0,151.487416,0.2260187462607144,152.91199999999998,2.6141480447748053,2022-09-26,0.18606819684944687
AAPL,2022-09-27 04:00:00+00:00,152.74,154.72,149.945,151.76,91032702.0,683779.0,152.095874,0.6566293029117043,151.884,1.3669418422155226,2022-09-27,0.10782076719576718
AAPL,2022-09-28 04:00:00+00:00,147.64,150.6414,144.84,149.84,155823686.0,1142720.0,147.7096,-1.265155508697935,151.108,1.1478545203985024,2022-09-28,0.0377458012666346
AAPL,2022-09-29 04:00:00+00:00,146.1,146.72,140.68,142.48,137415955.0,1067283.0,142.812294,-4.911906033101987,149.05599999999998,3.7415143992771878,2022-09-29,0.12348492690883994
AAPL,2022-09-30 04:00:00+00:00,141.28,143.1,138.0,138.2,141390692.0,941473.0,140.134941,-3.0039303761931535,146.60999999999999,5.95915262432484,2022-09-30,0.1214736050986051
AAPL,2022-10-03 04:00:00+00:00,138.21,143.07,137.685,142.45,124534891.0,838788.0,141.273689,3.075253256150501,144.946,5.661305503150041,2022-10-03,0.07703790726817043
AAPL,2022-10-04 04:00:00+00:00,145.03,146.22,144.26,146.1,96785630.0,687507.0,145.534712,2.5623025623025653,143.814,4.378798922078574,2022-10-04,0.14835398629148627
AAPL,2022-10-05 04:00:00+00:00,144.075,147.38,143.01,146.4,83933253.0,605865.0,145.301313,0.2053388090349051,143.126,3.3430345496264557,2022-10-05,0.10100823283858998
AAPL,2022-10-06 04:00:00+00:00,145.81,147.54,145.22,145.43,72586982.0,538674.0,146.031211,-0.6625683060109244,143.71599999999998,3.458833618432145,2022-10-06,0.21449383949383952
AAPL,2022-10-07 04:00:00+00:00,142.54,143.1,139.445,140.09,95901316.0,664196.0,140.689652,-3.6718696279997243,144.094,2.732275608352227,2022-10-07,0.1456969246031746
AAPL,2022-10-10 04:00:00+00:00,140.42,141.89,138.5729,140.42,80719147.0,620865.0,140.216879,0.23556285245198705,143.688,3.155656825447975,2022-10-10,0.06395765692640693
AAPL,2022-10-11 04:00:00+00:00,139.9,141.35,138.22,138.98,82627051.0,608886.0,139.509074,-1.0254949437402017,142.26399999999998,3.3926877250928746,2022-10-11,0.08563061622720713
AAPL,2022-10-12 04:00:00+00:00,139.13,140.36,138.16,138.34,76229576.0,553189.0,139.041704,-0.46049791336881807,140.652,2.799101641597745,2022-10-12,0.20111607142857144
AAPL,2022-10-13 04:00:00+00:00,134.99,143.59,134.37,142.99,121491577.0,874141.0,140.063712,3.3612837935521167,140.16400000000002,1.787884224438204,2022-10-13,0.07041610836253694
AAPL,2022-10-14 04:00:00+00:00,144.31,144.52,138.19,138.38,97254054.0,686282.0,139.802051,-3.224001678439059,139.822,1.9607702568110483,2022-10-14,0.10650754078687752
AAPL,2022-10-17 04:00:00+00:00,141.065,142.9,140.27,142.41,94281241.0,634586.0,141.984497,2.9122705593293885,140.22,2.2872800440687264,2022-10-17,0.14589262771828562
AAPL,2022-10-18 04:00:00+00:00,145.49,146.7,140.61,143.75,103909236.0,785419.0,144.045788,0.9409451583456185,141.174,2.6124375590615396,2022-10-18,0.07083363134450091
AAPL,2022-10-19 04:00:00+00:00,141.69,144.9492,141.5,143.86,66281889.0,511351.0,143.466866,0.0765217391304418,142.278,2.2576691520229177,2022-10-19,0.14998265938606847
AAPL,2022-10-20 04:00:00+00:00,143.02,145.89,142.65,143.39,70436249.0,517762.0,144.156597,-0.32670652022801505,142.358,2.2959682053538777,2022-10-20,0.13215728715728717
AAPL,2022-10-21 04:00:00+00:00,142.87,147.8479,142.649,147.27,97497286.0,619853.0,145.537116,2.70590696701305,144.136,1.8427370946493316,2022-10-21,0.09237012987012985
AAPL,2022-10-24 04:00:00+00:00,147.185,150.23,146.0,149.45,82543225.0,653022.0,148.469242,1.4802743260677431,145.544,2.6893270533717692,2022-10-24,0.18038344757094757
AAPL,2022-10-25 04:00:00+00:00,150.09,152.49,149.36,152.34,82217447.0,581424.0,151.551227,1.9337571094011574,147.262,3.7795330399399933,2022-10-25,0.1609521554834055
AAPL,2022-10-26 04:00:00+00:00,150.96,151.99,148.04,149.35,96231685.0,694798.0,149.973366,-1.9627149796507926,148.35999999999999,3.312763197090692,2022-10-26,0.11619010482981072
AAPL,2022-10-27 04:00:00+00:00,148.07,149.046,144.13,144.8,116248070.0,944056.0,145.749545,-3.046534984934701,148.642,2.805025846582991,2022-10-27,0.05427122003510893
AAPL,2022-10-28 04:00:00+00:00,148.2,157.5,147.82,155.74,174641131.0,1225718.0,154.747206,7.555248618784538,150.336,4.050423434654625,2022-10-28,0.06552207341269842
AAPL,2022-10-31 04:00:00+00:00,153.155,154.24,151.92,153.34,110376310.0,726847.0,153.269337,-1.5410299216643164,151.11399999999998,4.208215773935514,2022-10-31,0.08426065782044043
AAPL,2022-11-01 04:00:00+00:00,155.08,155.45,149.13,150.65,85451780.0,650597.0,150.961078,-1.7542715534107245,150.776,4.1526292875718545,2022-11-01,0.039910714285714285
AAPL,2022-11-02 04:00:00+00:00,148.945,152.17,145.0,145.03,101743648.0,788402.0,148.026896,-3.7305011616329264,149.912,4.904790515404211,2022-11-02,0.008595407860113743
AAPL,2022-11-03 04:00:00+00:00,142.06,142.8,138.75,138.88,105214797.0,871803.0,140.055413,-4.240501965110665,148.728,6.7968941436511,2022-11-03,0.038359427609427614
AAPL,2022-11-04 04:00:00+00:00,142.09,142.67,134.38,138.38,149550241.0,1159117.0,137.371071,-0.36002304147465525,145.256,6.753334731819306,2022-11-04,0.15857361884147597
AAPL,2022-11-07 05:00:00+00:00,137.11,139.145,135.671,138.92,89935797.0,715008.0,137.597386,0.39022980199450163,142.372,5.376724839527828,2022-11-07,0.1440532708032708
AAPL,2022-11-08 05:00:00+00:00,140.41,141.43,137.49,139.5,97268373.0,637314.0,139.598643,0.4175064785488125,140.142,2.761126581668165,2022-11-08,0.1258060515873016
AAPL,2022-11-09 05:00:00+00:00,138.5,138.55,134.5933,134.87,84442456.0,633364.0,135.871053,-3.318996415770603,138.10999999999999,1.8541574906122888,2022-11-09,0.0815922619047619
AAPL,2022-11-10 05:00:00+00:00,141.24,146.87,139.5,146.87,136303919.0,875050.0,144.604643,8.897456810261728,139.708,4.391135388483753,2022-11-10,0.1237603071531643
AAPL,2022-11-11 05:00:00+00:00,145.82,150.01,144.37,149.7,103060509.0,740560.0,148.312448,1.9268741063525496,141.972,6.115069092005031,2022-11-11,0.0945887445887446
AAPL,2022-11-14 05:00:00+00:00,148.97,150.28,147.43,148.28,80885473.0,576291.0,148.697425,-0.9485637942551639,143.844,6.374372910333692,2022-11-14,0.1041322793515776
AAPL,2022-11-15 05:00:00+00:00,152.215,153.59,148.5613,150.04,96306279.0,703671.0,151.211711,1.1869436201780381,145.952,6.32123959362378,2022-11-15,0.13969940476190476
AAPL,2022-11-16 05:00:00+00:00,149.13,149.87,147.29,148.79,71463063.0,472251.0,148.656205,-0.8331111703545724,148.73600000000002,1.257231084565647,2022-11-16,-0.011204545454545457
AAPL,2022-11-17 05:00:00+00:00,146.43,151.48,146.15,150.72,86649104.0,563722.0,149.715411,1.2971301834800775,149.506,0.9762581625770926,2022-11-17,0.05503871128871129
AAPL,2022-11-18 05:00:00+00:00,152.305,152.7,149.97,151.29,84106843.0,513080.0,151.238278,0.3781847133757843,149.82399999999998,1.2700118109681184,2022-11-18,0.14714285714285713
AAPL,2022-11-21 05:00:00+00:00,150.16,150.37,147.715,148.01,64466896.0,504781.0,148.45546,-2.168021680216803,149.76999999999998,1.354972324440063,2022-11-21,0.14613825328111044
AAPL,2022-11-22 05:00:00+00:00,148.13,150.42,146.925,150.18,58685320.0,405189.0,149.307632,1.466117154246338,149.798,1.363367155244147,2022-11-22,0.1628954378954379
AAPL,2022-11-23 05:00:00+00:00,149.45,151.83,149.34,151.07,62774756.0,444427.0,150.826223,0.5926221867092796,150.254,1.3226223950919094,2022-11-23,0.09899140211640212
AAPL,2022-11-25 05:00:00+00:00,148.305,148.88,147.12,148.11,38776713.0,319573.0,148.124425,-1.9593565896604104,149.73200000000003,1.5822831604989325,2022-11-25,0.06866251803751804
AAPL,2022-11-28 05:00:00+00:00,145.14,146.64,143.38,144.22,78281391.0,614361.0,144.720128,-2.626426304773488,148.318,2.644441339867102,2022-11-28,0.07893398268398268
AAPL,2022-11-29 05:00:00+00:00,144.29,144.81,140.355,141.17,89801206.0,713286.0,141.984894,-2.1148245735681637,146.95,4.171756224900708,2022-11-29,0.10101721580888248
AAPL,2022-11-30 05:00:00+00:00,141.395,148.72,140.55,148.03,131183862.0,707655.0,145.43512,4.859389388680335,146.52,3.8543222491117284,2022-11-30,0.14242559523809523
AAPL,2022-12-01 05:00:00+00:00,148.21,149.13,146.61,148.31,78588359.0,525991.0,148.087728,0.1891508478011117,145.968,3.178100061357031,2022-12-01,0.17862025012025012
AAPL,2022-12-02 05:00:00+00:00,145.96,148.0,145.65,147.81,75015411.0,463525.0,146.982128,-0.3371316836356275,145.90800000000002,3.130019169269981,2022-12-02,0.0930191105191105
AAPL,2022-12-05 05:00:00+00:00,147.77,150.9199,145.77,146.63,74981324.0,586796.0,147.586644,-0.7983221703538379,146.39000000000001,2.987406902314725,2022-12-05,0.1319736130097972
AAPL,2022-12-06 05:00:00+00:00,147.075,147.3,141.92,142.91,72151911.0,537311.0,143.710309,-2.5369978858350906,146.738,2.23354426864518,2022-12-06,0.09130001311819493
AAPL,2022-12-07 05:00:00+00:00,142.19,143.37,140.0,140.94,77308359.0,565399.0,141.146902,-1.3784899587152788,145.32,3.2345324237047746,2022-12-07,0.10446402962606667
AAPL,2022-12-08 05:00:00+00:00,142.36,143.52,141.1,142.65,68832111.0,456124.0,142.530981,1.2132822477650018,144.18800000000002,2.8995896261363128,2022-12-08,0.09747835497835498
AAPL,2022-12-09 05:00:00+00:00,142.34,145.57,140.9,142.16,84840144.0,529039.0,143.191277,-0.3434980722047065,143.058,2.135408626000466,2022-12-09,0.13392221535078677
AAPL,2022-12-12 05:00:00+00:00,142.7,144.5,141.06,144.49,78289096.0,492716.0,143.146879,1.638998311761397,142.63,1.2860209951618913,2022-12-12,0.15880381192881193
AAPL,2022-12-13 05:00:00+00:00,149.5,149.9692,144.24,145.47,102204603.0,706528.0,146.505145,0.6782476295937423,143.142,1.8229015332697565,2022-12-13,0.18077989718614718
AAPL,2022-12-14 05:00:00+00:00,145.35,146.655,141.16,143.21,89974435.0,597873.0,144.135743,-1.5535849316010153,143.596,1.3617195012179486,2022-12-14,0.07308392365210548
AAPL,2022-12-15 05:00:00+00:00,141.11,141.8,136.025,136.5,110421981.0,879350.0,137.524749,-4.685426995321562,142.36599999999999,3.5110867263565595,2022-12-15,0.1384714491857349
AAPL,2022-12-16 05:00:00+00:00,136.685,137.65,133.73,134.51,220048084.0,818493.0,134.982902,-1.4578754578754682,140.836,4.98198554795146,2022-12-16,0.12101785714285714
AAPL,2022-12-19 05:00:00+00:00,135.11,135.2,131.32,132.37,87427188.0,705822.0,132.459651,-1.5909597799420028,138.41199999999998,5.6617859373166946,2022-12-19,0.10816541262969835
AAPL,2022-12-20 05:00:00+00:00,131.39,133.25,129.89,132.3,83636668.0,640697.0,131.866586,-0.05288207297725611,135.778,4.5020739665177585,2022-12-20,0.09601648351648352
AAPL,2022-12-21 05:00:00+00:00,132.98,136.81,132.75,135.45,95563192.0,588686.0,135.312159,2.3809523809523725,134.22600000000003,1.8644114352784,2022-12-21,0.24123256373256372
AAPL,2022-12-22 05:00:00+00:00,134.352,134.56,130.3,132.23,86659361.0,643298.0,131.91302,-2.3772609819121437,133.372,1.5058618794553715,2022-12-22,0.179732202982203
AAPL,2022-12-23 05:00:00+00:00,130.92,132.415,129.64,131.86,67631560.0,539021.0,131.173262,-0.2798154730393798,132.84199999999998,1.4711458119427998,2022-12-23,0.20491296897546896
AAPL,2022-12-27 05:00:00+00:00,131.38,131.41,128.72,130.03,74304546.0,608333.0,129.943021,-1.3878355831943079,132.37399999999997,1.9523396220936635,2022-12-27,0.05684891240446796
AAPL,2022-12-28 05:00:00+00:00,129.67,131.0275,125.87,126.04,90551969.0,762248.0,127.542061,-3.0685226486195427,131.122,3.4468492859416946,2022-12-28,0.07491913179413179
AAPL,2022-12-29 05:00:00+00:00,127.99,130.4814,127.73,129.61,81821550.0,598208.0,129.519613,2.832434147889562,129.954,2.4625454310523422,2022-12-29,0.10105983302411874
AAPL,2022-12-30 05:00:00+00:00,128.41,129.95,127.43,129.93,85865255.0,591156.0,128.915506,0.24689452974306914,129.494,2.1224349224409194,2022-12-30,0.09799242424242424
AAPL,2023-01-03 05:00:00+00:00,130.28,130.9,124.17,125.07,124289279.0,1021067.0,125.660032,-3.7404756407296347,128.13600000000002,2.3859966471051197,2023-01-03,0.10745331465919702
AAPL,2023-01-04 05:00:00+00:00,126.89,128.6557,125.08,126.36,95426133.0,770045.0,126.643011,1.031422403454063,127.402,2.2161385335752155,2023-01-04,0.1217247812950938
AAPL,2023-01-05 05:00:00+00:00,127.13,127.77,124.76,125.02,88344592.0,665463.0,126.006961,-1.0604621715732843,127.19800000000001,2.4112175347730305,2023-01-05,0.08248234900020615
AAPL,2023-01-06 05:00:00+00:00,126.01,130.29,124.89,129.62,96468673.0,709888.0,128.362627,3.6794112941929358,127.2,2.4137211935094993,2023-01-06,0.05880952380952381
AAPL,2023-01-09 05:00:00+00:00,130.465,133.41,129.89,130.15,76653608.0,645367.0,131.545593,0.4088875173584361,127.244,2.477101128334675,2023-01-09,0.12243010461760462
AAPL,2023-01-10 05:00:00+00:00,130.26,131.2636,128.12,130.73,68415086.0,554942.0,129.870967,0.44563964656165744,128.376,2.527989319597071,2023-01-10,0.11082771638692691
AAPL,2023-01-11 05:00:00+00:00,131.25,133.51,130.46,133.49,77043246.0,561280.0,132.422077,2.11122160177466,129.802,3.0612203448946453,2023-01-11,0.11152497194163861
AAPL,2023-01-12 05:00:00+00:00,133.88,134.26,131.44,133.41,77698366.0,635333.0,133.178793,-0.059929582740292364,131.48,1.8409236811983518,2023-01-12,-0.04400892857142856
AAPL,2023-01-13 05:00:00+00:00,132.03,134.92,131.66,134.76,63045132.0,535781.0,133.76503,1.011918147065427,132.50799999999998,1.9729977192072246,2023-01-13,0.1431506283068783
AAPL,2023-01-17 05:00:00+00:00,134.83,137.29,134.13,135.94,69852271.0,595834.0,135.764039,0.8756307509646843,133.666,1.9419397518967956,2023-01-17,0.18407287157287158
AAPL,2023-01-18 05:00:00+00:00,136.815,138.61,135.03,135.21,76916867.0,578306.0,136.262015,-0.5370016183610327,134.56199999999998,1.0993498078396278,2023-01-18,0.19750589225589227
AAPL,2023-01-19 05:00:00+00:00,134.08,136.25,133.77,135.27,64511998.0,491676.0,134.998543,0.04437541601953754,134.918,0.9424277160594587,2023-01-19,0.053409090909090906
AAPL,2023-01-20 05:00:00+00:00,135.28,138.02,134.22,137.87,95933363.0,549630.0,136.459561,1.9220817624011177,135.81,1.226234072270508,2023-01-20,0.11006613756613756
AAPL,2023-01-23 05:00:00+00:00,138.12,143.315,137.9,141.11,87527661.0,719290.0,141.227955,2.3500398926525,137.08,2.496878050685939,2023-01-23,0.060930735930735926
AAPL,2023-01-24 05:00:00+00:00,140.305,143.16,140.3,142.53,70642466.0,498681.0,142.124333,1.0063071362766518,138.398,3.3412153477435798,2023-01-24,0.07504599567099567
AAPL,2023-01-25 05:00:00+00:00,140.89,142.43,138.81,141.86,70336488.0,536507.0,140.779785,-0.47007647512803397,139.728,3.0672658834860225,2023-01-25,0.019880952380952367
AAPL,2023-01-26 05:00:00+00:00,143.17,144.25,141.9,143.96,59721341.0,472137.0,143.395796,1.4803327224023555,141.466,2.2674501097041375,2023-01-26,0.17817219817219815
AAPL,2023-01-27 05:00:00+00:00,143.155,147.23,143.08,145.93,77521002.0,558426.0,145.832562,1.368435676576829,143.078,1.9084470126250033,2023-01-27,0.18387626262626264
AAPL,2023-01-30 05:00:00+00:00,144.955,145.55,142.85,143.0,69935435.0,551112.0,143.608922,-2.0078119646405823,143.456,1.580136070089318,2023-01-30,0.11675259539842872
AAPL,2023-01-31 05:00:00+00:00,142.7,144.34,142.28,144.29,81087730.0,468172.0,143.76925,0.9020979020978981,143.808,1.517059656044322,2023-01-31,0.07329545454545454
AAPL,2023-02-01 05:00:00+00:00,143.97,146.61,141.32,145.43,84602426.0,693377.0,143.961791,0.7900755423106309,144.522,1.1718660332978983,2023-02-01,0.046875962000962
AAPL,2023-02-02 05:00:00+00:00,148.9,151.18,148.17,150.82,119288199.0,996204.0,149.750531,3.706250429760005,145.894,2.9761602779415854,2023-02-02,0.030004789272030652
AAPL,2023-02-03 05:00:00+00:00,148.03,157.38,147.83,154.5,166049247.0,1138935.0,154.392541,2.4399946956637164,147.608,4.868343660835515,2023-02-03,0.07186161616161617
AAPL,2023-02-06 05:00:00+00:00,152.575,153.1,150.78,151.73,75590203.0,583521.0,152.006703,-1.7928802588996873,149.35399999999998,4.339289112285254,2023-02-06,0.1059537037037037
AAPL,2023-02-07 05:00:00+00:00,150.64,155.23,150.64,154.65,94067819.0,661769.0,153.633427,1.9244710999802406,151.42600000000002,3.75017732914024,2023-02-07,0.1254865064388874
AAPL,2023-02-08 05:00:00+00:00,153.88,154.58,151.168,151.92,72643990.0,524143.0,152.316766,-1.7652764306498647,152.724,1.7409279134982854,2023-02-08,0.09
AAPL,2023-02-09 05:00:00+00:00,153.775,154.33,150.42,150.87,61868739.0,471977.0,152.184661,-0.6911532385465935,152.73399999999998,1.7273476777989647,2023-02-09,-0.010227272727272727
AAPL,2023-02-10 05:00:00+00:00,149.46,151.3401,149.22,151.01,62500180.0,442055.0,150.463505,0.09279512162787551,152.036,1.5290781536590714,2023-02-10,0.13231944444444446
AAPL,2023-02-13 05:00:00+00:00,150.952,154.26,150.92,153.85,70149328.0,506670.0,153.291138,1.8806701542944282,152.45999999999998,1.7066341142721457,2023-02-13,0.10164115646258505
AAPL,2023-02-14 05:00:00+00:00,152.12,153.77,150.86,153.2,68556962.0,528569.0,152.606935,-0.422489437764062,152.17,1.3211169516728711,2023-02-14,-0.013686868686868688
AAPL,2023-02-15 05:00:00+00:00,153.11,155.5,152.88,155.33,70612239.0,520577.0,154.572898,1.3903394255874835,152.852,1.9091149782025925,2023-02-15,0.2188752104377104
AAPL,2023-02-16 05:00:00+00:00,153.51,156.33,153.3475,153.71,74955617.0,516189.0,154.701103,-1.0429408356402492,153.42,1.563137869798287,2023-02-16,0.05694903581267218
AAPL,2023-02-17 05:00:00+00:00,152.35,153.0,150.85,152.55,66293371.0,467050.0,152.104468,-0.7546678810747443,153.728,1.0305435459006642,2023-02-17,0.20938552188552187
AAPL,2023-02-21 05:00:00+00:00,150.2,151.3,148.405,148.48,68102432.0,509345.0,149.276547,-2.667977712225511,152.654,2.5498686240662525,2023-02-21,0.19361444805194805
AAPL,2023-02-22 05:00:00+00:00,148.87,149.95,147.16,148.91,57571342.0,429778.0,148.586152,0.2896012931034475,151.796,3.0019127235810026,2023-02-22,0.09545634920634921
AAPL,2023-02-23 05:00:00+00:00,150.09,150.34,147.24,149.4,53439807.0,425163.0,148.913715,0.3290578201598393,150.60999999999999,2.359268954569924,2023-02-23,0.14477272727272728
AAPL,2023-02-24 05:00:00+00:00,147.11,147.19,145.7202,146.71,62617932.0,470884.0,146.410703,-1.8005354752342662,149.20999999999998,2.1251235258208823,2023-02-24,0.15957792207792207
AAPL,2023-02-27 05:00:00+00:00,147.71,149.17,147.45,147.92,50247854.0,418071.0,148.123416,0.8247563219957676,148.284,1.0350990290775604,2023-02-27,0.14497604723707663
AAPL,2023-02-28 05:00:00+00:00,147.05,149.08,146.83,147.41,61519861.0,383781.0,147.726764,-0.3447809626825227,148.07,1.0934120906580884,2023-02-28,0.05416666666666666
AAPL,2023-03-01 05:00:00+00:00,146.83,147.2285,145.01,145.31,62350999.0,461615.0,145.806128,-1.4245980598331154,147.35,1.5084926251053496,2023-03-01,0.043215638528138534
AAPL,2023-03-02 05:00:00+00:00,144.38,146.71,143.9,145.91,60242324.0,413240.0,145.28641,0.41291032964008156,146.652,1.0650446000037541,2023-03-02,0.02065977232643899
AAPL,2023-03-03 05:00:00+00:00,148.045,151.11,147.33,151.03,79744478.0,556613.0,150.149082,3.5090124049071303,147.516,2.234296309802549,2023-03-03,0.06542371769644496
AAPL,2023-03-06 05:00:00+00:00,153.785,156.3,153.46,153.83,93957314.0,691992.0,154.654718,1.8539363040455559,148.698,3.6292588775117096,2023-03-06,0.1327435064935065
AAPL,2023-03-07 05:00:00+00:00,153.7,154.0299,151.13,151.6,61332251.0,496634.0,152.218798,-1.449652213482422,149.536,3.739569493938803,2023-03-07,0.22133967223252937
AAPL,2023-03-08 05:00:00+00:00,152.81,153.47,151.83,152.87,51205963.0,405205.0,152.719809,0.8377308707124165,151.048,3.072591739883132,2023-03-08,0.21703125
AAPL,2023-03-09 05:00:00+00:00,153.559,154.535,150.225,150.59,59821351.0,480912.0,152.295553,-1.4914633348596884,151.984,1.3410369122429995,2023-03-09,0.13856445406445406
AAPL,2023-03-10 05:00:00+00:00,150.21,150.94,147.6096,148.5,75469048.0,609814.0,149.006538,-1.387874360847341,151.478,2.0701135234566594,2023-03-10,0.13235930735930737
AAPL,2023-03-13 04:00:00+00:00,147.805,153.14,147.7,150.47,90585023.0,760662.0,151.177098,1.3265993265993314,150.80599999999998,1.6099472041026683,2023-03-13,0.16353438228438227
AAPL,2023-03-14 04:00:00+00:00,151.28,153.4,150.1,152.59,84532172.0,565199.0,152.165261,1.4089187213398136,151.004,1.783530207200887,2023-03-14,0.12368055555555556
AAPL,2023-03-15 04:00:00+00:00,151.19,153.245,149.92,152.99,85708822.0,703118.0,151.859646,0.26214037617144914,151.028,1.8154393407652176,2023-03-15,0.1503030303030303
AAPL,2023-03-16 04:00:00+00:00,152.16,156.46,151.64,155.85,84454434.0,676100.0,154.909001,1.869403228969202,152.07999999999998,2.770812155307207,2023-03-16,0.14500372023809524
AAPL,2023-03-17 04:00:00+00:00,156.08,156.74,154.28,155.0,131114857.0,614285.0,155.405289,-0.5453962143086244,153.38,2.119528249398514,2023-03-17,0.02
AAPL,2023-03-20 04:00:00+00:00,155.07,157.82,154.15,157.4,85439528.0,628987.0,156.729739,1.5483870967742064,154.76600000000002,2.0035543416634707,2023-03-20,0.003955357142857135
AAPL,2023-03-21 04:00:00+00:00,157.32,159.4,156.54,159.28,87819428.0,590984.0,158.509861,1.1944091486658204,156.10399999999998,2.3846865622128997,2023-03-21,0.18148148148148147
AAPL,2023-03-22 04:00:00+00:00,159.3,162.14,157.81,157.83,80427254.0,656869.0,159.72994,-0.9103465595178273,157.072,1.6840338476405328,2023-03-22,0.23965677179962894
AAPL,2023-03-23 04:00:00+00:00,158.83,161.5501,157.68,158.93,75089334.0,614271.0,159.485733,0.6969524171577035,157.68800000000002,1.6886000118438702,2023-03-23,0.16067901234567902
AAPL,2023-03-24 04:00:00+00:00,158.86,160.34,157.85,160.25,65530530.0,516245.0,159.33047,0.8305543320958897,158.738,1.143621440862049,2023-03-24,0.07583333333333334
AAPL,2023-03-27 04:00:00+00:00,159.94,160.77,157.87,158.28,58214330.0,518438.0,158.986546,-1.2293291731669265,158.91400000000002,0.934895716109258,2023-03-27,0.08153409090909092
AAPL,2023-03-28 04:00:00+00:00,157.97,158.49,155.98,157.65,50372968.0,432449.0,157.01827,-0.39802880970432053,158.588,1.0521977000541962,2023-03-28,0.11677388014689602
AAPL,2023-03-29 04:00:00+00:00,159.37,161.05,159.35,160.77,57532705.0,472079.0,160.273443,1.9790675547098013,159.17600000000002,1.3120899359417073,2023-03-29,0.141242784992785
AAPL,2023-03-30 04:00:00+00:00,161.53,162.47,161.271,162.36,53823579.0,456156.0,162.027551,0.9889904832991236,159.862,1.9111959606486462,2023-03-30,0.0755654761904762
AAPL,2023-03-31 04:00:00+00:00,162.44,165.0,161.91,164.9,69191490.0,572350.0,163.992724,1.5644247351564333,160.792,2.9798103966527747,2023-03-31,0.12194444444444444
AAPL,2023-04-03 04:00:00+00:00,164.27,166.29,164.22,166.17,62027954.0,568688.0,165.410449,0.770163735597329,162.37,3.3793268560469905,2023-04-03,0.16828806775235347
AAPL,2023-04-04 04:00:00+00:00,166.595,166.84,165.11,165.63,52036268.0,456308.0,165.895417,-0.324968405849424,163.966,2.30719093271471,2023-04-04,0.12777777777777777
AAPL,2023-04-05 04:00:00+00:00,164.74,165.05,161.8,163.76,56567368.0,533623.0,163.499464,-1.1290225200748738,164.564,1.5274586737457756,2023-04-05,0.04884259259259259
AAPL,2023-04-06 04:00:00+00:00,162.43,164.9584,162.0,164.66,50780869.0,446214.0,164.064618,0.5495847581827196,165.024,0.925489059903679,2023-04-06,0.15738636363636363
AAPL,2023-04-10 04:00:00+00:00,161.42,162.03,160.08,162.03,51829429.0,563917.0,161.299097,-1.5972306571116257,164.45,1.6376354905781725,2023-04-10,0.09944791047732224
AAPL,2023-04-11 04:00:00+00:00,162.35,162.36,160.51,160.8,51774289.0,490482.0,161.122856,-0.7591186817256013,163.376,1.957301714095417,2023-04-11,0.1467462121212121
AAPL,2023-04-12 04:00:00+00:00,161.22,162.06,159.78,160.1,50706904.0,514262.0,160.916046,-0.43532338308458485,162.27,1.9274075853333397,2023-04-12,0.1131583694083694
AAPL,2023-04-13 04:00:00+00:00,161.63,165.8,161.42,165.56,76953623.0,595712.0,164.469322,3.4103685196752,162.63,2.388283902721913,2023-04-13,0.07890719696969697
AAPL,2023-04-14 04:00:00+00:00,164.59,166.32,163.82,165.21,54918972.0,488449.0,165.061557,-0.21140372070548308,162.74,2.5144880194585633,2023-04-14,0.18789141414141414
AAPL,2023-04-17 04:00:00+00:00,165.09,165.39,164.03,165.23,45769525.0,483390.0,164.801759,0.012105804733364423,163.38000000000002,2.689730469768447,2023-04-17,0.10652835755514325
AAPL,2023-04-18 04:00:00+00:00,166.1,167.41,165.65,166.47,55909701.0,494602.0,166.360112,0.7504690431519689,164.51399999999998,2.5199464280022,2023-04-18,0.13897287608225106
AAPL,2023-04-19 04:00:00+00:00,165.8,168.16,165.54,167.63,48158687.0,473868.0,167.265178,0.6968222502552912,166.01999999999998,1.0351811435692455,2023-04-19,0.12254761904761904
AAPL,2023-04-20 04:00:00+00:00,166.09,167.87,165.56,166.65,53020864.0,493154.0,166.794939,-0.5846208912485773,166.238,1.028844011500954,2023-04-20,0.10515151515151516
AAPL,2023-04-21 04:00:00+00:00,165.05,166.4521,164.49,165.02,65307211.0,519453.0,165.091964,-0.9780978097809756,166.2,1.0786102169001373,2023-04-21,0.1286309523809524
AAPL,2023-04-24 04:00:00+00:00,165.0,165.6,163.89,165.33,45338131.0,459502.0,164.961709,0.18785601745243685,166.22,1.0568348972291541,2023-04-24,0.16921296296296295
AAPL,2023-04-25 04:00:00+00:00,165.19,166.305,163.73,163.77,48714063.0,501551.0,164.646986,-0.9435674106332836,165.68,1.4957941034785605,2023-04-25,0.04226370851370851
AAPL,2023-04-26 04:00:00+00:00,163.055,165.28,162.8,163.76,50920364.0,493407.0,163.892842,-0.006106124442828431,164.906,1.208110094321331,2023-04-26,0.12986459836459838
AAPL,2023-04-27 04:00:00+00:00,165.19,168.56,165.19,168.41,76052617.0,575984.0,167.512917,2.8395212506106438,165.25799999999998,1.9009918463794486,2023-04-27,0.10300324675324674
AAPL,2023-04-28 04:00:00+00:00,168.49,169.85,167.8801,169.68,63093372.0,526191.0,169.044645,0.7541119885992487,166.19,2.7207260060508323,2023-04-28,0.1625
AAPL,2023-05-01 04:00:00+00:00,169.28,170.45,168.64,169.59,56437122.0,540748.0,169.663231,-0.05304101838755626,167.042,3.0331617167571956,2023-05-01,0.11614109848484848
AAPL,2023-05-02 04:00:00+00:00,170.09,170.35,167.54,168.54,48897270.0,509756.0,168.70263,-0.6191402794976208,167.996,2.4386328136891797,2023-05-02,0.11009259259259259
AAPL,2023-05-03 04:00:00+00:00,169.5,170.92,167.16,167.45,70732642.0,610055.0,169.180843,-0.6467307464103511,168.73399999999998,0.9245160896391544,2023-05-03,0.11895833333333335
AAPL,2023-05-04 04:00:00+00:00,164.89,167.04,164.31,165.79,81791781.0,832125.0,165.708907,-0.9913406987160367,168.20999999999998,1.6285115903798844,2023-05-04,0.048121539313399776
AAPL,2023-05-05 04:00:00+00:00,170.975,174.3,170.76,173.57,114073502.0,913563.0,173.389233,4.692683515290419,168.988,2.9219206012487233,2023-05-05,0.09534313725490196
AAPL,2023-05-08 04:00:00+00:00,172.48,173.85,172.11,173.5,61353610.0,563142.0,173.301181,-0.04032955003744343,169.76999999999998,3.5738144887503376,2023-05-08,0.11778520499108736
AAPL,2023-05-09 04:00:00+00:00,173.05,173.54,171.6,171.77,50729673.0,456211.0,172.198383,-0.9971181556195918,170.416,3.5877959808219266,2023-05-09,0.056620670995670995
AAPL,2023-05-10 04:00:00+00:00,173.02,174.03,171.9,173.555,53724501.0,511486.0,173.187071,1.0391802992373522,171.637,3.3574946016341163,2023-05-10,0.026596320346320344
AAPL,2023-05-11 04:00:00+00:00,173.85,174.59,172.17,173.75,50011672.0,501957.0,173.491189,0.11235631356054654,173.22899999999998,0.8209933008268493,2023-05-11,0.11893939393939394
AAPL,2023-05-12 04:00:00+00:00,173.62,174.06,171.0,172.57,50612841.0,489401.0,172.391578,-0.679136690647486,173.029,0.8387669521401727,2023-05-12,0.14911616161616162
AAPL,2023-05-15 04:00:00+00:00,173.16,173.21,171.47,172.07,41718475.0,444787.0,172.092171,-0.28973749782696956,172.743,0.8807638730116223,2023-05-15,0.15952581369248037
AAPL,2023-05-16 04:00:00+00:00,171.99,173.1383,171.7991,172.07,45676613.0,436167.0,172.271733,0.0,172.803,0.8048571301805436,2023-05-16,0.1389410126910127
AAPL,2023-05-17 04:00:00+00:00,171.71,172.925,170.4201,172.69,65903562.0,554943.0,171.956478,0.3603184750392341,172.63,0.6871681017061286,2023-05-17,0.1275
AAPL,2023-05-18 04:00:00+00:00,173.0,175.24,172.58,175.05,66091664.0,595693.0,174.334502,1.3666106896751407,172.89,1.2402419118875565,2023-05-18,0.11246212121212121
AAPL,2023-05-19 04:00:00+00:00,176.39,176.39,174.94,175.16,58044146.0,531634.0,175.572261,0.06283918880318762,173.408,1.5701655963632157,2023-05-19,0.045252525252525246
AAPL,2023-05-22 04:00:00+00:00,173.98,174.71,173.45,174.2,44146775.0,526394.0,174.199398,-0.5480703356930849,173.834,1.3956468034580898,2023-05-22,0.15984848484848482
AAPL,2023-05-23 04:00:00+00:00,173.13,173.3794,171.275,171.56,56405720.0,535094.0,172.153619,-1.5154994259471755,173.73200000000003,1.5651421660675868,2023-05-23,0.037756410256410265
AAPL,2023-05-24 04:00:00+00:00,171.09,172.4183,170.52,171.84,45740665.0,492277.0,171.495997,0.1632082070412766,173.56199999999998,1.7427047942789053,2023-05-24,0.12667093008002098
AAPL,2023-05-25 04:00:00+00:00,172.41,173.895,171.69,172.99,64475787.0,534914.0,172.915577,0.6692271880819334,173.15,1.5339817469587218,2023-05-25,0.19916666666666666
AAPL,2023-05-26 04:00:00+00:00,173.32,175.77,173.11,175.43,62620662.0,528297.0,175.179028,1.4104861552690862,173.204,1.624509156638571,2023-05-26,0.049702380952380956
AAPL,2023-05-30 04:00:00+00:00,176.96,178.99,176.57,177.3,63293297.0,651322.0,177.423861,1.0659522316593506,173.824,2.4707954184842555,2023-05-30,0.07494488536155203
AAPL,2023-05-31 04:00:00+00:00,177.325,179.35,176.76,177.25,99625288.0,669221.0,177.987684,-0.028200789622112588,174.962,2.477694492870973,2023-05-31,0.08757665945165945
AAPL,2023-06-01 04:00:00+00:00,177.7,180.12,176.9306,180.09,76857581.0,624136.0,179.402689,1.602256699576876,176.61200000000002,2.6216826657709134,2023-06-01,0.028174242424242425
AAPL,2023-06-02 04:00:00+00:00,181.03,181.78,179.26,180.95,76294033.0,712123.0,180.655109,0.4775390082736308,178.204,2.2649459154699887,2023-06-02,0.11629810004810004
AAPL,2023-06-05 04:00:00+00:00,182.63,184.951,178.035,179.58,121969015.0,1286854.0,182.199552,-0.7571152252003222,179.034,1.6788180365973173,2023-06-05,0.05689688429484348
AAPL,2023-06-06 04:00:00+00:00,179.965,180.12,177.43,179.21,64841762.0,705233.0,178.685496,-0.20603630693841746,179.416,1.3755289891545701,2023-06-06,0.12276528442317916
AAPL,2023-06-07 04:00:00+00:00,178.44,181.21,177.32,177.82,69732161.0,669100.0,178.558004,-0.7756263601361613,179.53000000000003,1.1574757016908106,2023-06-07,0.1606993403421975
AAPL,2023-06-08 04:00:00+00:00,177.895,180.84,177.46,180.57,50221611.0,548697.0,179.527467,1.546507704420197,179.626,1.232976074384517,2023-06-08,0.3046875
AAPL,2023-06-09 04:00:00+00:00,181.5,182.23,180.63,180.96,48890039.0,557832.0,181.456753,0.2159827213823018,179.62800000000001,1.2356658124285325,2023-06-09,0.17163299663299664
AAPL,2023-06-12 04:00:00+00:00,181.27,183.89,180.97,183.79,54796150.0,562764.0,182.754879,1.5638815207780654,180.47,2.2294954586194784,2023-06-12,0.21255685039167183
AAPL,2023-06-13 04:00:00+00:00,182.8,184.15,182.44,183.31,54967369.0,608362.0,183.182816,-0.26116763697697776,181.29000000000002,2.3978427805019096,2023-06-13,0.11997863247863248
AAPL,2023-06-14 04:00:00+00:00,183.37,184.39,182.02,183.95,57451443.0,614191.0,183.70125,0.3491353444983858,182.51600000000002,1.6215671432307293,2023-06-14,0.2699393939393939
AAPL,2023-06-15 04:00:00+00:00,183.96,186.52,183.78,186.01,65417713.0,697108.0,185.576485,1.1198695297635286,183.60399999999998,1.804184026092066,2023-06-15,0.2226212538609233
AAPL,2023-06-16 04:00:00+00:00,186.73,186.99,184.27,184.92,101239104.0,616230.0,185.576671,-0.5859900005376062,184.396,1.0753046080093005,2023-06-16,0.18825441919191918
AAPL,2023-06-20 04:00:00+00:00,184.41,186.1,184.41,185.01,49801726.0,577559.0,185.301696,0.04866969500325613,184.64,1.0412972678376275,2023-06-20,0.1725206611570248
AAPL,2023-06-21 04:00:00+00:00,184.9,185.41,182.5901,183.96,49505417.0,520855.0,184.08866,-0.567536889897835,184.76999999999998,0.8582249122497853,2023-06-21,0.10027548209366391
AAPL,2023-06-22 04:00:00+00:00,183.74,187.045,183.67,187.0,51248267.0,563157.0,186.095509,1.6525331593824744,185.38,1.1604094105126392,2023-06-22,0.1754129642287537
AAPL,2023-06-23 04:00:00+00:00,185.55,187.56,185.01,186.68,53194896.0,539709.0,186.491169,-0.1711229946524062,185.51399999999998,1.2835030190873469,2023-06-23,0.14176286676286676
AAPL,2023-06-26 04:00:00+00:00,186.83,188.05,185.23,185.27,48099269.0,584779.0,186.342879,-0.7553031926290976,185.584,1.25217011624074,2023-06-26,0.13834280303030302
AAPL,2023-06-27 04:00:00+00:00,185.89,188.39,185.67,188.06,50745529.0,512183.0,187.471551,1.5059102930857549,186.19400000000002,1.5978360366465827,2023-06-27,0.15254329004329006
AAPL,2023-06-28 04:00:00+00:00,187.93,189.9,187.6,189.25,51225939.0,559611.0,188.888455,0.6327767733701917,187.252,1.496986973893446,2023-06-28,0.1116276283240569
AAPL,2023-06-29 04:00:00+00:00,189.08,190.07,188.94,189.59,46347309.0,525368.0,189.546219,0.1796565389696081,187.77,1.8045082432637303,2023-06-29,0.17295634920634922
AAPL,2023-06-30 04:00:00+00:00,191.63,194.48,191.26,193.97,83782058.0,760823.0,193.114617,2.310248430824413,189.228,3.1483360684664894,2023-06-30,0.10893303786160928
AAPL,2023-07-03 04:00:00+00:00,193.78,193.88,191.76,192.46,31357392.0,498718.0,192.638055,-0.7784708975614785,190.666,2.4540232272754294,2023-07-03,0.1638687738352917
AAPL,2023-07-05 04:00:00+00:00,191.565,192.98,190.62,191.33,46921907.0,560240.0,191.615305,-0.5871349890886446,191.32,1.974841765815025,2023-07-05,0.13605177717019823
AAPL,2023-07-06 04:00:00+00:00,189.84,192.02,189.2,191.81,45172292.0,562929.0,190.810342,0.25087545079180984,191.83200000000002,1.6003499617294508,2023-07-06,0.05583333333333333
AAPL,2023-07-07 04:00:00+00:00,191.41,192.67,190.24,190.68,46814999.0,538828.0,191.43102,-0.5891246546061213,192.05,1.2557268811359692,2023-07-07,0.15069930069930068
AAPL,2023-07-10 04:00:00+00:00,189.26,189.99,187.035,188.61,59925144.0,736976.0,188.338409,-1.0855884203901822,190.978,1.475523635868745,2023-07-10,0.10949472402597402
AAPL,2023-07-11 04:00:00+00:00,189.16,189.3,186.6,188.08,46646096.0,577864.0,187.802462,-0.2810031281480274,190.10200000000003,1.6638719902706407,2023-07-11,0.15439484126984127
AAPL,2023-07-12 04:00:00+00:00,189.68,191.7,188.47,189.77,60757160.0,652270.0,189.984281,0.8985538068906784,189.79000000000002,1.5157011578827577,2023-07-12,0.2983862863327149
AAPL,2023-07-13 04:00:00+00:00,190.5,191.19,189.78,190.54,41348909.0,468081.0,190.565107,0.4057543341940084,189.536,1.1563866135540866,2023-07-13,0.19340909090909092
AAPL,2023-07-14 04:00:00+00:00,190.23,191.1799,189.63,190.69,41622330.0,513236.0,190.461122,0.0787236275847647,189.538,1.1588658248507848,2023-07-14,0.17835497835497835
AAPL,2023-07-17 04:00:00+00:00,191.9,194.32,191.81,193.99,50546738.0,603051.0,193.32553,1.7305574492632037,190.614,2.1530281001434703,2023-07-17,0.16289772727272725
AAPL,2023-07-18 04:00:00+00:00,193.35,194.33,192.415,193.73,48357948.0,544724.0,193.375703,-0.13402752719213762,191.744,1.9650648844269043,2023-07-18,0.08788265306122447
AAPL,2023-07-19 04:00:00+00:00,193.1,198.23,192.65,195.1,80534721.0,777402.0,194.986076,0.7071697723636028,192.81,2.069432289302568,2023-07-19,0.13425925925925927
AAPL,2023-07-20 04:00:00+00:00,195.09,196.47,192.495,193.13,59597695.0,640137.0,194.296883,-1.0097385955920024,193.32800000000003,1.6384504875058743,2023-07-20,0.12277326839826838
AAPL,2023-07-21 04:00:00+00:00,194.1,194.97,191.23,191.94,71957084.0,580363.0,192.718322,-0.616165277274372,193.578,1.1611502917401861,2023-07-21,0.11859962406015037
AAPL,2023-07-24 04:00:00+00:00,193.41,194.91,192.25,192.75,45538581.0,526175.0,193.233712,0.4220068771491059,193.32999999999998,1.1833638493752596,2023-07-24,0.07680871212121212
AAPL,2023-07-25 04:00:00+00:00,193.33,194.44,192.915,193.62,37339808.0,445740.0,193.799673,0.4513618677042919,193.308,1.1750617005111805,2023-07-25,0.16976817042606515
AAPL,2023-07-26 04:00:00+00:00,193.67,195.64,193.32,194.5,47506279.0,502596.0,194.378548,0.45449850222083477,193.18800000000002,0.9566451797862142,2023-07-26,0.19722222222222222
AAPL,2023-07-27 04:00:00+00:00,196.02,197.2,192.55,193.22,47465977.0,570678.0,194.950386,-0.6580976863753252,193.206,0.9561276065506129,2023-07-27,0.18532051282051282
AAPL,2023-07-28 04:00:00+00:00,194.67,196.626,194.14,195.83,48291445.0,519154.0,195.809443,1.35079184349447,193.984,1.2158248229117827,2023-07-28,0.11471242877492878
AAPL,2023-07-31 04:00:00+00:00,196.06,196.49,195.26,196.45,45241255.0,530646.0,196.200202,0.31660113363629616,194.724,1.3904423756519677,2023-07-31,0.10258953168044077
AAPL,2023-08-01 04:00:00+00:00,196.235,196.73,195.28,195.605,35306213.0,478272.0,195.861871,-0.43013489437515595,195.121,1.2750117646550632,2023-08-01,0.12102146464646464
AAPL,2023-08-02 04:00:00+00:00,195.04,195.18,191.8507,192.58,50408072.0,620854.0,192.939066,-1.5464839855831802,194.737,1.720202023021914,2023-08-02,0.12602069805194804
AAPL,2023-08-03 04:00:00+00:00,191.57,192.37,190.69,191.17,62366562.0,756802.0,191.573861,-0.7321632568283443,194.327,2.3139835781631195,2023-08-03,0.034765624999999994
AAPL,2023-08-04 04:00:00+00:00,185.52,187.38,181.92,181.99,115956843.0,1336767.0,184.299063,-4.802008683370806,191.55900000000003,5.767398026840848,2023-08-04,0.11649689353856021
AAPL,2023-08-07 04:00:00+00:00,182.13,183.13,177.35,178.85,97586944.0,1159593.0,178.896194,-1.725369525798126,188.039,7.223162742179276,2023-08-07,0.052078059864518196
AAPL,2023-08-08 04:00:00+00:00,179.69,180.27,177.58,179.8,67832886.0,709234.0,179.011351,0.5311713726586564,184.878,6.507178343952625,2023-08-08,0.06160213243546577
AAPL,2023-08-09 04:00:00+00:00,180.87,180.93,177.01,178.19,60386755.0,666321.0,178.47219,-0.8954393770856606,182.0,5.323711111621783,2023-08-09,0.12692577030812324
AAPL,2023-08-10 04:00:00+00:00,179.48,180.75,177.6,177.97,54695861.0,653105.0,178.827828,-0.12346371850272542,179.35999999999999,1.6333707478721986,2023-08-10,0.1637741046831956
AAPL,2023-08-11 04:00:00+00:00,177.32,178.62,176.55,177.79,52036674.0,586486.0,177.792719,-0.10114064168118553,178.51999999999998,0.8203048213952925,2023-08-11,0.19738636363636364
AAPL,2023-08-14 04:00:00+00:00,177.97,179.69,177.305,179.46,43690884.0,565211.0,178.934721,0.9393104224084681,178.642,0.9208528655569215,2023-08-14,0.10760551948051948
AAPL,2023-08-15 04:00:00+00:00,178.88,179.48,177.05,177.45,43635379.0,510238.0,177.899185,-1.1200267469073988,178.172,0.7692983816467323,2023-08-15,0.18583104858104857
AAPL,2023-08-16 04:00:00+00:00,177.13,178.54,176.5,176.57,46979752.0,526310.0,177.479546,-0.4959143420681822,177.848,1.049819032026104,2023-08-16,0.1839313897907648
AAPL,2023-08-17 04:00:00+00:00,177.14,177.5054,173.48,174.0,66700735.0,673488.0,174.653058,-1.4555133941213105,177.054,2.0030302044662416,2023-08-17,0.08523232323232323
AAPL,2023-08-18 04:00:00+00:00,172.3,175.1,171.96,174.49,61173170.0,596487.0,173.859323,0.28160919540229923,176.394,2.230634438899375,2023-08-18,0.17516252266252266
AAPL,2023-08-21 04:00:00+00:00,175.07,176.13,173.735,175.84,46323343.0,559827.0,175.22285,0.7736833056335657,175.67000000000002,1.4307864970021764,2023-08-21,0.12799242424242424
AAPL,2023-08-22 04:00:00+00:00,177.06,177.68,176.25,177.23,42091932.0,501637.0,177.011047,0.790491355777978,175.626,1.3641957337580837,2023-08-22,0.16414023569023567
AAPL,2023-08-23 04:00:00+00:00,178.52,181.55,178.325,181.12,52756878.0,587652.0,180.668409,2.1948879986458447,176.536,2.8546681068040143,2023-08-23,0.18782713498622589
AAPL,2023-08-24 04:00:00+00:00,180.674,181.104,176.01,176.38,54953439.0,610587.0,177.661775,-2.617049469964672,177.012,2.5028323955079688,2023-08-24,0.13852283337577453
AAPL,2023-08-25 04:00:00+00:00,177.38,179.15,175.82,178.61,51449596.0,554792.0,177.826636,1.2643156820501211,177.836,2.112754126727575,2023-08-25,0.2564102564102564
AAPL,2023-08-28 04:00:00+00:00,180.09,180.59,178.545,180.19,43823300.0,532552.0,179.618894,0.8846089244723077,178.706,1.976595558025117,2023-08-28,0.12042421413009648
AAPL,2023-08-29 04:00:00+00:00,179.695,184.9,179.5,184.12,53016040.0,576648.0,183.281635,2.181031133803213,180.084,2.8838394546168797,2023-08-29,0.12420986177565126
AAPL,2023-08-30 04:00:00+00:00,184.94,187.85,184.74,187.65,60824230.0,636605.0,186.947989,1.9172278948511812,181.39000000000001,4.49747151186145,2023-08-30,0.14088106833642547
AAPL,2023-08-31 04:00:00+00:00,187.84,189.12,187.48,187.87,60814675.0,555057.0,188.185056,0.11723954169997608,183.68800000000002,4.224786385133087,2023-08-31,0.1258901515151515
AAPL,2023-09-01 04:00:00+00:00,189.485,189.92,188.28,189.46,45766507.0,530277.0,189.025752,0.846329908979615,185.858,3.720909834974037,2023-09-01,0.24951178451178452
AAPL,2023-09-05 04:00:00+00:00,188.28,189.98,187.61,189.7,45285046.0,602564.0,189.129836,0.12667581547554096,187.76000000000002,2.232005824366734,2023-09-05,0.1319097569097569
AAPL,2023-09-06 04:00:00+00:00,188.4,188.85,181.47,182.91,81765466.0,880369.0,183.778433,-3.5793357933579295,187.518,2.7343865856910177,2023-09-06,0.079132110579479
AAPL,2023-09-07 04:00:00+00:00,175.18,178.21,173.54,177.56,112503695.0,1210446.0,176.693655,-2.924935760756653,185.5,5.212729611250364,2023-09-07,0.10140656565656565
AAPL,2023-09-08 04:00:00+00:00,178.35,180.239,177.79,178.18,65602067.0,755391.0,179.093843,0.349177742734863,183.56199999999998,5.871040793590674,2023-09-08,0.12371969696969697
AAPL,2023-09-11 04:00:00+00:00,180.07,180.3,177.34,179.36,58964184.0,722658.0,178.798151,0.6622516556291425,181.542,5.008614578903554,2023-09-11,0.14562114197530865
AAPL,2023-09-12 04:00:00+00:00,179.49,180.13,174.82,176.3,90383654.0,937680.0,176.701341,-1.7060660124888494,178.862,2.517860202633278,2023-09-12,0.0589349931190209
AAPL,2023-09-13 04:00:00+00:00,176.51,177.3,173.98,174.21,84277767.0,835414.0,175.029416,-1.1854792966534355,177.122,1.966931620571483,2023-09-13,0.12583400974025974
AAPL,2023-09-14 04:00:00+00:00,174.0,176.1,173.58,175.74,60898149.0,641142.0,175.376921,0.8782503874634084,176.75799999999998,2.0329092453928777,2023-09-14,0.14824711399711402
AAPL,2023-09-15 04:00:00+00:00,176.48,176.495,173.82,175.01,109259462.0,729795.0,175.084694,-0.4153863662228363,176.124,1.9719609529611948,2023-09-15,0.14463126159554732
AAPL,2023-09-18 04:00:00+00:00,176.48,179.38,176.17,177.97,67272034.0,731499.0,177.971078,1.6913319238900604,175.846,1.4233868061786623,2023-09-18,0.18190669552669556
AAPL,2023-09-19 04:00:00+00:00,177.52,179.63,177.13,179.07,51831661.0,524532.0,178.410352,0.6180816991627758,176.4,2.046802384209007,2023-09-19,0.19705387205387204
AAPL,2023-09-20 04:00:00+00:00,179.26,179.695,175.4,175.49,58452947.0,600755.0,177.082657,-1.9992181828335176,176.656,1.7650722364831894,2023-09-20,0.17294973544973546
AAPL,2023-09-21 04:00:00+00:00,174.55,176.3,173.86,173.93,63160835.0,631737.0,174.903668,-0.8889395407145728,176.294,2.1446864572714683,2023-09-21,0.17663497217068644
AAPL,2023-09-22 04:00:00+00:00,174.67,177.079,174.05,174.79,56725387.0,606172.0,175.479785,0.4944517909503787,176.25,2.17958711686494,2023-09-22,0.1840898964583175
AAPL,2023-09-25 04:00:00+00:00,174.2,176.97,174.15,176.08,46178509.0,564354.0,175.674313,0.7380284913324653,175.872,1.9594948328596045,2023-09-25,0.13142274392274395
AAPL,2023-09-26 04:00:00+00:00,174.82,175.2,171.66,171.96,64597559.0,688566.0,172.730491,-2.3398455247614747,174.45,1.6065957799032866,2023-09-26,0.13369345630215196
AAPL,2023-09-27 04:00:00+00:00,172.62,173.04,169.05,170.43,66940950.0,708087.0,170.519718,-0.8897418004186974,173.438,2.2518148236484055,2023-09-27,0.18115945165945166
AAPL,2023-09-28 04:00:00+00:00,169.34,172.03,167.62,170.69,56302471.0,618749.0,170.313489,0.15255530129671957,172.79000000000002,2.524509853417584,2023-09-28,0.1857239057239057
AAPL,2023-09-29 04:00:00+00:00,172.02,173.07,170.341,171.21,51886171.0,535136.0,171.602011,0.30464584920031346,172.074,2.3143962495653634,2023-09-29,0.154001554001554
AAPL,2023-10-02 04:00:00+00:00,171.22,174.3,170.93,173.75,52172333.0,617354.0,173.28953,1.4835582033759565,171.608,1.3323738214187626,2023-10-02,0.23378535353535354
AAPL,2023-10-03 04:00:00+00:00,172.255,173.63,170.82,172.4,49637004.0,543146.0,172.128425,-0.7769784172661831,171.696,1.3752745180516037,2023-10-03,0.20760101010101012
AAPL,2023-10-04 04:00:00+00:00,171.09,174.21,170.97,173.66,53025614.0,561075.0,172.950579,0.7308584686774866,172.342,1.3904567594867208,2023-10-04,0.1037215909090909
AAPL,2023-10-05 04:00:00+00:00,173.79,175.45,172.68,174.91,48532230.0,509291.0,174.243182,0.7197973050788953,173.18599999999998,1.417508377401223,2023-10-05,0.22902010299069123
AAPL,2023-10-06 04:00:00+00:00,173.8,177.99,173.18,177.49,57266677.0,593946.0,176.35858,1.4750443085015164,174.442,1.9215540585690547,2023-10-06,0.08088578088578088
AAPL,2023-10-09 04:00:00+00:00,176.81,179.05,175.8,178.99,42400769.0,518390.0,177.868024,0.8451180348188592,175.49,2.714930938348831,2023-10-09,0.15534770784770785
AAPL,2023-10-10 04:00:00+00:00,178.1,179.72,177.95,178.39,43700093.0,525007.0,178.688787,-0.3352142577797812,176.688,2.3005042925419996,2023-10-10,0.10032030834662414
AAPL,2023-10-11 04:00:00+00:00,178.2,179.85,177.6,179.8,47555502.0,503608.0,178.920294,0.7904030494983116,177.916,1.8804999335295747,2023-10-11,0.04974962421837422
AAPL,2023-10-12 04:00:00+00:00,180.07,182.34,179.04,180.71,56753369.0,617072.0,180.97399,0.50611790878754,179.07600000000002,1.2437363064593845,2023-10-12,0.21838516746411485
AAPL,2023-10-13 04:00:00+00:00,181.42,181.93,178.14,178.85,51456083.0,531443.0,179.41376,-1.0292734215040733,179.348,0.9155981651387051,2023-10-13,0.15748456790123455
AAPL,2023-10-16 04:00:00+00:00,176.75,179.075,176.51,178.72,52519230.0,632661.0,178.148359,-0.07268660889012679,179.294,0.9493313436336864,2023-10-16,0.10717527239266368
AAPL,2023-10-17 04:00:00+00:00,176.645,178.42,174.8,177.15,57553146.0,592436.0,176.85213,-0.8784691136973999,179.046,1.3301240543668087,2023-10-17,0.18009800384800384
AAPL,2023-10-18 04:00:00+00:00,175.58,177.575,175.11,175.84,54780899.0,540428.0,176.368798,-0.7394863110358418,178.254,1.847330506434831,2023-10-18,0.1764909136002886
AAPL,2023-10-19 04:00:00+00:00,176.04,177.84,175.19,175.46,59312291.0,560468.0,176.270608,-0.2161055505004561,177.204,1.5742077372456877,2023-10-19,0.1467032967032967
AAPL,2023-10-20 04:00:00+00:00,175.31,175.42,172.64,172.88,64244029.0,600322.0,173.789788,-1.4704206086857519,176.01000000000002,2.1663333076891855,2023-10-20,0.10992923742923742
AAPL,2023-10-23 04:00:00+00:00,170.91,174.01,169.93,173.0,55986017.0,639779.0,172.365942,0.06941230911614582,174.866,1.8671047105084932,2023-10-23,0.12613275613275612
AAPL,2023-10-24 04:00:00+00:00,173.05,173.67,171.45,173.44,43825971.0,530643.0,172.712413,0.25433526011560126,174.124,1.4149487623241501,2023-10-24,0.0767728981544771
AAPL,2023-10-25 04:00:00+00:00,171.88,173.06,170.65,171.1,57219947.0,611287.0,171.526493,-1.3491697416974202,173.176,1.5584222791022182,2023-10-25,0.14658549783549785
AAPL,2023-10-26 04:00:00+00:00,170.37,171.3775,165.67,166.89,70660031.0,815731.0,167.582602,-2.460549386323796,171.462,2.7075302399052297,2023-10-26,0.13400432900432901
AAPL,2023-10-27 04:00:00+00:00,166.91,168.96,166.83,168.22,58499131.0,609514.0,167.909302,0.7969321109713157,170.53,2.893077945718153,2023-10-27,0.16636498917748918
AAPL,2023-10-30 04:00:00+00:00,169.02,171.17,168.87,170.29,51135875.0,628371.0,170.081326,1.23053144691474,169.988,2.5479148337415944,2023-10-30,0.12165707070707071
AAPL,2023-10-31 04:00:00+00:00,169.35,170.9,167.9,170.77,44852482.0,510050.0,169.874357,0.28187210053438605,169.454,1.8191289124193926,2023-10-31,0.18874445209672483
AAPL,2023-11-01 04:00:00+00:00,171.0,174.23,170.12,173.97,56951142.0,633750.0,172.611605,1.8738654330385796,170.028,2.7052948083342896,2023-11-01,0.232003367003367
AAPL,2023-11-02 04:00:00+00:00,175.52,177.78,175.46,177.57,77518015.0,807105.0,177.101455,2.06932229694774,172.164,3.6570725997717792,2023-11-02,0.09399319903581267
AAPL,2023-11-03 04:00:00+00:00,174.24,176.82,173.35,176.65,80129247.0,858040.0,175.636789,-0.5181055358450148,173.85,3.311072333852341,2023-11-03,0.07101325757575758
AAPL,2023-11-06 05:00:00+00:00,176.38,179.43,176.21,179.23,63852730.0,678194.0,178.60948,1.4605151429380125,175.638,3.321854903514487,2023-11-06,0.17691667117604618
AAPL,2023-11-07 05:00:00+00:00,179.18,182.44,178.97,181.82,70539955.0,653956.0,181.315051,1.445070579702068,177.848,2.9256657362050613,2023-11-07,0.11082167832167832
AAPL,2023-11-08 05:00:00+00:00,182.35,183.45,181.59,182.89,49345307.0,542542.0,182.664855,0.5884941150588352,179.632,2.6789774168523914,2023-11-08,0.045708874458874456
AAPL,2023-11-09 05:00:00+00:00,182.96,184.12,181.81,182.41,53780415.0,545850.0,182.934075,-0.2624528405052118,180.59999999999997,2.6214499804508153,2023-11-09,0.2496212121212121
AAPL,2023-11-10 05:00:00+00:00,183.97,186.565,183.53,186.4,66204156.0,610940.0,185.361502,2.1873800778466235,182.55,2.574538793649568,2023-11-10,0.09742871315192743
AAPL,2023-11-13 05:00:00+00:00,185.82,186.03,184.21,184.8,43631574.0,530523.0,184.822995,-0.8583690987124415,183.664,1.893945616961342,2023-11-13,0.155509213009213
AAPL,2023-11-14 05:00:00+00:00,187.7,188.11,186.3,187.44,60113030.0,609334.0,187.322497,1.4285714285714235,184.788,2.1730784615396623,2023-11-14,0.17548951048951048
AAPL,2023-11-15 05:00:00+00:00,187.845,189.5,187.78,188.01,53818016.0,564663.0,188.470666,0.30409731113956173,185.81199999999998,2.259705733056418,2023-11-15,0.18581455309396486
AAPL,2023-11-16 05:00:00+00:00,189.57,190.96,188.65,189.71,54426521.0,621003.0,189.725074,0.9042072230200704,187.272,1.829472601600998,2023-11-16,0.2322522095959596
AAPL,2023-11-17 05:00:00+00:00,190.25,190.38,188.57,189.69,50941406.0,510221.0,189.599311,-0.010542406831481888,187.93,2.019244908377636,2023-11-17,0.011294765840220386
AAPL,2023-11-20 05:00:00+00:00,189.89,191.905,189.88,191.45,46543084.0,554091.0,191.307534,0.9278296167430922,189.26,1.5857490343713074,2023-11-20,0.10214096749811034
AAPL,2023-11-21 05:00:00+00:00,191.41,191.52,189.74,190.64,38142232.0,450941.0,190.509559,-0.42308696787672906,189.89999999999998,1.2847567863256357,2023-11-21,0.07800250403191579
AAPL,2023-11-22 05:00:00+00:00,191.49,192.93,190.825,191.31,39630374.0,463588.0,191.737678,0.3514477549307671,190.56,0.8426743143172415,2023-11-22,0.10538131313131315
AAPL,2023-11-24 05:00:00+00:00,190.87,190.9,189.25,189.97,24048346.0,335950.0,189.776006,-0.7004338508180497,190.612,0.7830197954139206,2023-11-24,0.13787317620650955
AAPL,2023-11-27 05:00:00+00:00,189.92,190.67,188.9,189.79,40570385.0,509035.0,189.801449,-0.09475180291624863,190.632,0.7543341434736099,2023-11-27,0.18946969696969698
AAPL,2023-11-28 05:00:00+00:00,189.78,191.08,189.4,190.4,38422811.0,458379.0,190.182635,0.32140787185837016,190.422,0.600058330506266,2023-11-28,0.31301388888888887
AAPL,2023-11-29 05:00:00+00:00,190.9,192.09,188.97,189.37,43017537.0,493157.0,190.095824,-0.5409663865546199,190.168,0.7377126812044387,2023-11-29,0.09881970970206265
AAPL,2023-11-30 05:00:00+00:00,189.84,190.32,188.19,189.95,48804815.0,486962.0,189.32785,0.3062787136294043,189.89600000000002,0.37091778065996067,2023-11-30,0.2196677299308878
AAPL,2023-12-01 05:00:00+00:00,190.33,191.56,189.23,191.24,45704824.0,515541.0,190.814969,0.6791260858120651,190.15,0.7121446482350592,2023-12-01,0.12061081048581049
AAPL,2023-12-04 05:00:00+00:00,189.98,190.05,187.4511,189.43,43396215.0,587629.0,188.903443,-0.9464547165864867,190.078,0.77322053775737,2023-12-04,0.17168019480519478
AAPL,2023-12-05 05:00:00+00:00,190.21,194.4,190.18,193.42,66654222.0,700936.0,193.201212,2.106318956870612,190.682,1.7053357440721433,2023-12-05,0.22281468531468532
AAPL,2023-12-06 05:00:00+00:00,194.45,194.76,192.11,192.32,41092772.0,491536.0,192.792192,-0.5687105780167512,191.272,1.6472613636003244,2023-12-06,0.1480776515151515
AAPL,2023-12-07 05:00:00+00:00,193.63,195.0,193.59,194.27,47485364.0,495114.0,194.415635,1.0139351081530856,192.13600000000002,1.8948430014148543,2023-12-07,0.15080755471380472
AAPL,2023-12-08 05:00:00+00:00,194.2,195.99,193.67,195.71,53406358.0,538969.0,195.1631,0.7412364235342528,193.03000000000003,2.363059457570071,2023-12-08,0.07156318082788671
AAPL,2023-12-11 05:00:00+00:00,193.11,193.49,191.42,193.18,60952756.0,691291.0,192.690089,-1.2927290378621392,193.78,1.2831796444815469,2023-12-11,0.11635895997007108
AAPL,2023-12-12 05:00:00+00:00,193.08,194.72,191.721,194.71,52704312.0,510922.0,193.712615,0.7920074541878153,194.038,1.321805583288228,2023-12-12,0.07067325036075035
AAPL,2023-12-13 05:00:00+00:00,195.09,198.0,194.85,197.96,70422443.0,672723.0,196.884059,1.6691489908068347,195.166,1.8067456932320385,2023-12-13,0.23077648782194238
AAPL,2023-12-14 05:00:00+00:00,198.02,199.62,196.16,198.11,66836850.0,691952.0,198.298267,0.07577288341078514,195.93400000000003,2.1197004505384527,2023-12-14,0.15104723707664885
AAPL,2023-12-15 05:00:00+00:00,197.53,198.3999,197.0,197.57,128538401.0,625454.0,197.573249,-0.27257584170411464,196.30599999999998,2.2308585791154707,2023-12-15,0.15256198347107439
AAPL,2023-12-18 05:00:00+00:00,196.09,196.63,194.39,195.89,55755354.0,655820.0,195.532766,-0.8503315280660062,196.848,1.4865463329521116,2023-12-18,0.16725782126823793
AAPL,2023-12-19 05:00:00+00:00,196.16,196.95,195.89,196.94,40717190.0,451795.0,196.531773,0.5360151105212152,197.294,0.9058311100937176,2023-12-19,0.13636917419812156
AAPL,2023-12-20 05:00:00+00:00,196.9,197.68,194.83,194.83,52247140.0,550700.0,196.221545,-1.0713923022240168,196.66799999999998,1.3181881504600357,2023-12-20,0.14311931818181817
AAPL,2023-12-21 05:00:00+00:00,196.1,197.08,193.5,194.68,46485784.0,554963.0,194.733112,-0.07699019658163886,195.982,1.2718372537446956,2023-12-21,0.12755732548701298
AAPL,2023-12-22 05:00:00+00:00,195.18,195.41,192.97,193.6,37149570.0,500544.0,194.099383,-0.5547565235257901,195.18800000000002,1.2718372537445282,2023-12-22,0.19073457792207793
AAPL,2023-12-26 05:00:00+00:00,193.61,193.89,192.83,193.05,28921648.0,488340.0,193.170805,-0.28409090909089496,194.62,1.494606971752812,2023-12-26,0.15264875315656565
AAPL,2023-12-27 05:00:00+00:00,192.49,193.5,191.09,193.15,48092035.0,548205.0,192.535582,0.05180005180005498,193.862,0.8427751776195745,2023-12-27,0.1673657708032708
AAPL,2023-12-28 05:00:00+00:00,194.14,194.66,193.17,193.58,34056639.0,472490.0,193.925614,0.22262490292519477,193.61200000000002,0.6463512976791892,2023-12-28,0.19053030303030302
AAPL,2023-12-29 05:00:00+00:00,193.9,194.4,191.725,192.53,42672148.0,509123.0,192.577019,-0.542411406137,193.18200000000002,0.4406472512240893,2023-12-29,0.20393853305785123
